filename,evaluator_type,total,evaluates,corrects,errors,accuracy,calibrated_accuracy,avg_query_tokens,avg_response_tokens,avg_query_len,avg_response_len,start_time,end_time,elapsed_minutes,args,git_branch,git_commit_id
artifacts_2510233-mixture-low_sft-gim_allenai_qasc_251025-140305.json,mcqa,920,920,299,495,0.325,0.7035294117647058,209.35434782608695,177.5741176470588,746.5152173913043,355.8608695652174,2025-10-25T14:03:05.233461,2025-10-25T14:03:52.694281,0.7910136666666666,"{'model_name': 'artifacts/2510233-mixture-low/sft-gim', 'api_key': '', 'base_url': 'http://localhost:8000/v1', 'is_gim': True, 'reason_budget': 2, 'temperature': 0.0, 'presence_penalty': 1.0, 'max_tokens': 8192, 'seed': 16, 'first_n': 920, 'num_proc': 40, 'output_dir': 'results', 'counter_tokenizer': 'unsloth/Qwen3-4B-Instruct-2507', 'ref_model_name': 'gpt2', 'ref_model_device': 'cpu', 'dataset': {'path': 'allenai/qasc', 'name': None, 'split': 'validation'}}",feat/mixture,524cc7d9cd92e0c68edee6da02c703020276e6ba
artifacts_2510231-mixture-high_sft-gim_allenai_qasc_251024-162808.json,mcqa,920,920,447,274,0.48586956521739133,0.6919504643962848,209.35434782608695,323.187306501548,746.5152173913043,1051.0663043478262,2025-10-24T16:28:08.981268,2025-10-24T16:30:45.361169,2.606331683333333,"{'model_name': 'artifacts/2510231-mixture-high/sft-gim', 'api_key': '', 'base_url': 'http://localhost:8000/v1', 'is_gim': True, 'reason_budget': 2, 'temperature': 0.0, 'presence_penalty': 1.0, 'max_tokens': 8192, 'seed': 16, 'first_n': 920, 'num_proc': 40, 'output_dir': 'results', 'counter_tokenizer': 'unsloth/Qwen3-4B-Instruct-2507', 'ref_model_name': 'gpt2', 'ref_model_device': 'cpu', 'dataset': {'path': 'allenai/qasc', 'name': None, 'split': 'validation'}}",feat/mixture,524cc7d9cd92e0c68edee6da02c703020276e6ba
artifacts_2510231-mixture-high_sft-gim_Idavidrein_gpqa_251024-124928.json,mcqa,198,198,26,106,0.13131313131313133,0.2826086956521739,363.3989898989899,763.8152173913044,1192.1060606060605,1285.7222222222222,2025-10-24T12:49:28.735553,2025-10-24T12:53:04.992202,3.6042774833333335,"{'model_name': 'artifacts/2510231-mixture-high/sft-gim', 'api_key': '', 'base_url': 'http://localhost:8000/v1', 'is_gim': True, 'reason_budget': 2, 'temperature': 0.0, 'presence_penalty': 1.0, 'max_tokens': 8192, 'seed': 16, 'first_n': 198, 'num_proc': 40, 'output_dir': 'results', 'counter_tokenizer': 'unsloth/Qwen3-4B-Instruct-2507', 'ref_model_name': 'gpt2', 'ref_model_device': 'cpu', 'dataset': {'path': 'Idavidrein/gpqa', 'name': 'gpqa_diamond', 'split': 'train'}}",feat/mixture,524cc7d9cd92e0c68edee6da02c703020276e6ba
artifacts_2510231-mixture-high_sft-gim_allenai_qasc_251024-163057.json,mcqa,920,920,288,481,0.3130434782608696,0.6560364464692483,265.35434782608695,452.2118451025057,896.5152173913043,1002.0054347826087,2025-10-24T16:30:57.527592,2025-10-24T16:34:31.049028,3.5586906,"{'model_name': 'artifacts/2510231-mixture-high/sft-gim', 'api_key': '', 'base_url': 'http://localhost:8000/v1', 'is_gim': True, 'reason_budget': 4, 'temperature': 0.0, 'presence_penalty': 1.0, 'max_tokens': 8192, 'seed': 16, 'first_n': 920, 'num_proc': 40, 'output_dir': 'results', 'counter_tokenizer': 'unsloth/Qwen3-4B-Instruct-2507', 'ref_model_name': 'gpt2', 'ref_model_device': 'cpu', 'dataset': {'path': 'allenai/qasc', 'name': None, 'split': 'validation'}}",feat/mixture,524cc7d9cd92e0c68edee6da02c703020276e6ba
artifacts_2510231-mixture-high_sft-gim_Idavidrein_gpqa_251024-125315.json,mcqa,198,198,24,114,0.12121212121212122,0.2857142857142857,419.3989898989899,903.6547619047619,1342.1060606060605,1401.6919191919192,2025-10-24T12:53:15.007637,2025-10-24T12:56:31.202467,3.2699138333333333,"{'model_name': 'artifacts/2510231-mixture-high/sft-gim', 'api_key': '', 'base_url': 'http://localhost:8000/v1', 'is_gim': True, 'reason_budget': 4, 'temperature': 0.0, 'presence_penalty': 1.0, 'max_tokens': 8192, 'seed': 16, 'first_n': 198, 'num_proc': 40, 'output_dir': 'results', 'counter_tokenizer': 'unsloth/Qwen3-4B-Instruct-2507', 'ref_model_name': 'gpt2', 'ref_model_device': 'cpu', 'dataset': {'path': 'Idavidrein/gpqa', 'name': 'gpqa_diamond', 'split': 'train'}}",feat/mixture,524cc7d9cd92e0c68edee6da02c703020276e6ba
artifacts_2510231-mixture-high_sft-gim_allenai_qasc_251024-163442.json,mcqa,920,920,294,478,0.31956521739130433,0.665158371040724,321.35434782608695,536.8348416289592,1046.5152173913043,1193.75,2025-10-24T16:34:42.180789,2025-10-24T16:38:33.198571,3.850296366666667,"{'model_name': 'artifacts/2510231-mixture-high/sft-gim', 'api_key': '', 'base_url': 'http://localhost:8000/v1', 'is_gim': True, 'reason_budget': 6, 'temperature': 0.0, 'presence_penalty': 1.0, 'max_tokens': 8192, 'seed': 16, 'first_n': 920, 'num_proc': 40, 'output_dir': 'results', 'counter_tokenizer': 'unsloth/Qwen3-4B-Instruct-2507', 'ref_model_name': 'gpt2', 'ref_model_device': 'cpu', 'dataset': {'path': 'allenai/qasc', 'name': None, 'split': 'validation'}}",feat/mixture,524cc7d9cd92e0c68edee6da02c703020276e6ba
artifacts_2510231-mixture-high_sft-gim_Idavidrein_gpqa_251024-125641.json,mcqa,198,198,28,121,0.1414141414141414,0.36363636363636365,475.3989898989899,1008.1428571428571,1492.1060606060605,1435.5757575757575,2025-10-24T12:56:41.231200,2025-10-24T13:00:04.491853,3.38767755,"{'model_name': 'artifacts/2510231-mixture-high/sft-gim', 'api_key': '', 'base_url': 'http://localhost:8000/v1', 'is_gim': True, 'reason_budget': 6, 'temperature': 0.0, 'presence_penalty': 1.0, 'max_tokens': 8192, 'seed': 16, 'first_n': 198, 'num_proc': 40, 'output_dir': 'results', 'counter_tokenizer': 'unsloth/Qwen3-4B-Instruct-2507', 'ref_model_name': 'gpt2', 'ref_model_device': 'cpu', 'dataset': {'path': 'Idavidrein/gpqa', 'name': 'gpqa_diamond', 'split': 'train'}}",feat/mixture,524cc7d9cd92e0c68edee6da02c703020276e6ba
artifacts_2510231-mixture-high_sft-gim_allenai_qasc_251024-163844.json,mcqa,920,920,317,429,0.34456521739130436,0.6456211812627292,377.35434782608695,595.224032586558,1196.5152173913043,1470.0945652173914,2025-10-24T16:38:44.155011,2025-10-24T16:41:39.130933,2.9162653666666665,"{'model_name': 'artifacts/2510231-mixture-high/sft-gim', 'api_key': '', 'base_url': 'http://localhost:8000/v1', 'is_gim': True, 'reason_budget': 8, 'temperature': 0.0, 'presence_penalty': 1.0, 'max_tokens': 8192, 'seed': 16, 'first_n': 920, 'num_proc': 40, 'output_dir': 'results', 'counter_tokenizer': 'unsloth/Qwen3-4B-Instruct-2507', 'ref_model_name': 'gpt2', 'ref_model_device': 'cpu', 'dataset': {'path': 'allenai/qasc', 'name': None, 'split': 'validation'}}",feat/mixture,524cc7d9cd92e0c68edee6da02c703020276e6ba
artifacts_2510231-mixture-high_sft-gim_Idavidrein_gpqa_251024-130014.json,mcqa,198,198,35,69,0.17676767676767677,0.2713178294573643,531.3939393939394,1043.5426356589148,1642.1060606060605,2494.5353535353534,2025-10-24T13:00:14.628145,2025-10-24T13:03:37.504299,3.3812692333333336,"{'model_name': 'artifacts/2510231-mixture-high/sft-gim', 'api_key': '', 'base_url': 'http://localhost:8000/v1', 'is_gim': True, 'reason_budget': 8, 'temperature': 0.0, 'presence_penalty': 1.0, 'max_tokens': 8192, 'seed': 16, 'first_n': 198, 'num_proc': 40, 'output_dir': 'results', 'counter_tokenizer': 'unsloth/Qwen3-4B-Instruct-2507', 'ref_model_name': 'gpt2', 'ref_model_device': 'cpu', 'dataset': {'path': 'Idavidrein/gpqa', 'name': 'gpqa_diamond', 'split': 'train'}}",feat/mixture,524cc7d9cd92e0c68edee6da02c703020276e6ba
artifacts_2510231-mixture-high_sft-gim_allenai_qasc_251024-164657.json,mcqa,920,920,153,681,0.16630434782608697,0.6401673640167364,492.35434782608695,816.1548117154812,1499.5152173913043,973.3467391304348,2025-10-24T16:46:57.971007,2025-10-24T16:51:44.001232,4.767170416666667,"{'model_name': 'artifacts/2510231-mixture-high/sft-gim', 'api_key': '', 'base_url': 'http://localhost:8000/v1', 'is_gim': True, 'reason_budget': 12, 'temperature': 0.0, 'presence_penalty': 1.0, 'max_tokens': 8192, 'seed': 16, 'first_n': 920, 'num_proc': 40, 'output_dir': 'results', 'counter_tokenizer': 'unsloth/Qwen3-4B-Instruct-2507', 'ref_model_name': 'gpt2', 'ref_model_device': 'cpu', 'dataset': {'path': 'allenai/qasc', 'name': None, 'split': 'validation'}}",feat/mixture,524cc7d9cd92e0c68edee6da02c703020276e6ba
artifacts_2510231-mixture-high_sft-gim_Idavidrein_gpqa_251024-130348.json,mcqa,198,198,27,107,0.13636363636363635,0.2967032967032967,588.3939393939394,1294.9450549450548,1793.1060606060605,2184.217171717172,2025-10-24T13:03:48.755074,2025-10-24T13:07:41.151799,3.87327875,"{'model_name': 'artifacts/2510231-mixture-high/sft-gim', 'api_key': '', 'base_url': 'http://localhost:8000/v1', 'is_gim': True, 'reason_budget': 10, 'temperature': 0.0, 'presence_penalty': 1.0, 'max_tokens': 8192, 'seed': 16, 'first_n': 198, 'num_proc': 40, 'output_dir': 'results', 'counter_tokenizer': 'unsloth/Qwen3-4B-Instruct-2507', 'ref_model_name': 'gpt2', 'ref_model_device': 'cpu', 'dataset': {'path': 'Idavidrein/gpqa', 'name': 'gpqa_diamond', 'split': 'train'}}",feat/mixture,524cc7d9cd92e0c68edee6da02c703020276e6ba
artifacts_2510231-mixture-high_sft-gim_allenai_qasc_251024-164150.json,mcqa,920,920,114,733,0.12391304347826088,0.6096256684491979,434.35434782608695,774.5508021390374,1347.5152173913043,721.3054347826087,2025-10-24T16:41:50.437853,2025-10-24T16:46:46.400041,4.932703133333334,"{'model_name': 'artifacts/2510231-mixture-high/sft-gim', 'api_key': '', 'base_url': 'http://localhost:8000/v1', 'is_gim': True, 'reason_budget': 10, 'temperature': 0.0, 'presence_penalty': 1.0, 'max_tokens': 8192, 'seed': 16, 'first_n': 920, 'num_proc': 40, 'output_dir': 'results', 'counter_tokenizer': 'unsloth/Qwen3-4B-Instruct-2507', 'ref_model_name': 'gpt2', 'ref_model_device': 'cpu', 'dataset': {'path': 'allenai/qasc', 'name': None, 'split': 'validation'}}",feat/mixture,524cc7d9cd92e0c68edee6da02c703020276e6ba
artifacts_2510231-mixture-high_sft-gim_Idavidrein_gpqa_251024-130751.json,mcqa,198,198,19,128,0.09595959595959595,0.2714285714285714,646.3939393939394,1347.2714285714285,1945.1060606060605,1823.1363636363637,2025-10-24T13:07:51.895375,2025-10-24T13:12:24.034144,4.535646150000001,"{'model_name': 'artifacts/2510231-mixture-high/sft-gim', 'api_key': '', 'base_url': 'http://localhost:8000/v1', 'is_gim': True, 'reason_budget': 12, 'temperature': 0.0, 'presence_penalty': 1.0, 'max_tokens': 8192, 'seed': 16, 'first_n': 198, 'num_proc': 40, 'output_dir': 'results', 'counter_tokenizer': 'unsloth/Qwen3-4B-Instruct-2507', 'ref_model_name': 'gpt2', 'ref_model_device': 'cpu', 'dataset': {'path': 'Idavidrein/gpqa', 'name': 'gpqa_diamond', 'split': 'train'}}",feat/mixture,524cc7d9cd92e0c68edee6da02c703020276e6ba
artifacts_2510231-mixture-high_sft-gim_allenai_qasc_251024-165155.json,mcqa,920,920,217,564,0.2358695652173913,0.6095505617977528,550.354347826087,863.4410112359551,1651.5152173913043,1531.070652173913,2025-10-24T16:51:55.573190,2025-10-24T16:56:08.602749,4.217159316666667,"{'model_name': 'artifacts/2510231-mixture-high/sft-gim', 'api_key': '', 'base_url': 'http://localhost:8000/v1', 'is_gim': True, 'reason_budget': 14, 'temperature': 0.0, 'presence_penalty': 1.0, 'max_tokens': 8192, 'seed': 16, 'first_n': 920, 'num_proc': 40, 'output_dir': 'results', 'counter_tokenizer': 'unsloth/Qwen3-4B-Instruct-2507', 'ref_model_name': 'gpt2', 'ref_model_device': 'cpu', 'dataset': {'path': 'allenai/qasc', 'name': None, 'split': 'validation'}}",feat/mixture,524cc7d9cd92e0c68edee6da02c703020276e6ba
artifacts_2510231-mixture-high_sft-gim_Idavidrein_gpqa_251024-131235.json,mcqa,198,198,37,88,0.18686868686868688,0.33636363636363636,704.3939393939394,1393.7272727272727,2097.1060606060605,2940.10101010101,2025-10-24T13:12:35.035811,2025-10-24T13:17:44.880477,5.164077766666667,"{'model_name': 'artifacts/2510231-mixture-high/sft-gim', 'api_key': '', 'base_url': 'http://localhost:8000/v1', 'is_gim': True, 'reason_budget': 14, 'temperature': 0.0, 'presence_penalty': 1.0, 'max_tokens': 8192, 'seed': 16, 'first_n': 198, 'num_proc': 40, 'output_dir': 'results', 'counter_tokenizer': 'unsloth/Qwen3-4B-Instruct-2507', 'ref_model_name': 'gpt2', 'ref_model_device': 'cpu', 'dataset': {'path': 'Idavidrein/gpqa', 'name': 'gpqa_diamond', 'split': 'train'}}",feat/mixture,524cc7d9cd92e0c68edee6da02c703020276e6ba
artifacts_2510231-mixture-high_sft-gim_allenai_qasc_251024-165620.json,mcqa,920,920,156,679,0.16956521739130434,0.6473029045643154,608.354347826087,903.804979253112,1803.5152173913043,1092.0358695652174,2025-10-24T16:56:20.340029,2025-10-24T17:00:01.527248,3.68645365,"{'model_name': 'artifacts/2510231-mixture-high/sft-gim', 'api_key': '', 'base_url': 'http://localhost:8000/v1', 'is_gim': True, 'reason_budget': 16, 'temperature': 0.0, 'presence_penalty': 1.0, 'max_tokens': 8192, 'seed': 16, 'first_n': 920, 'num_proc': 40, 'output_dir': 'results', 'counter_tokenizer': 'unsloth/Qwen3-4B-Instruct-2507', 'ref_model_name': 'gpt2', 'ref_model_device': 'cpu', 'dataset': {'path': 'allenai/qasc', 'name': None, 'split': 'validation'}}",feat/mixture,524cc7d9cd92e0c68edee6da02c703020276e6ba
artifacts_2510231-mixture-high_sft-gim_Idavidrein_gpqa_251024-131754.json,mcqa,198,198,29,96,0.14646464646464646,0.28431372549019607,762.3888888888889,1579.686274509804,2249.1060606060605,3041.040404040404,2025-10-24T13:17:54.188061,2025-10-24T13:22:49.500601,4.921875666666667,"{'model_name': 'artifacts/2510231-mixture-high/sft-gim', 'api_key': '', 'base_url': 'http://localhost:8000/v1', 'is_gim': True, 'reason_budget': 16, 'temperature': 0.0, 'presence_penalty': 1.0, 'max_tokens': 8192, 'seed': 16, 'first_n': 198, 'num_proc': 40, 'output_dir': 'results', 'counter_tokenizer': 'unsloth/Qwen3-4B-Instruct-2507', 'ref_model_name': 'gpt2', 'ref_model_device': 'cpu', 'dataset': {'path': 'Idavidrein/gpqa', 'name': 'gpqa_diamond', 'split': 'train'}}",feat/mixture,524cc7d9cd92e0c68edee6da02c703020276e6ba
artifacts_2510231-mixture-high_sft-gim_allenai_qasc_251024-170013.json,mcqa,920,920,125,716,0.1358695652173913,0.6127450980392157,666.354347826087,1128.8431372549019,1955.5152173913043,1155.4923913043478,2025-10-24T17:00:13.559148,2025-10-24T17:05:01.023907,4.791079316666667,"{'model_name': 'artifacts/2510231-mixture-high/sft-gim', 'api_key': '', 'base_url': 'http://localhost:8000/v1', 'is_gim': True, 'reason_budget': 18, 'temperature': 0.0, 'presence_penalty': 1.0, 'max_tokens': 8192, 'seed': 16, 'first_n': 920, 'num_proc': 40, 'output_dir': 'results', 'counter_tokenizer': 'unsloth/Qwen3-4B-Instruct-2507', 'ref_model_name': 'gpt2', 'ref_model_device': 'cpu', 'dataset': {'path': 'allenai/qasc', 'name': None, 'split': 'validation'}}",feat/mixture,524cc7d9cd92e0c68edee6da02c703020276e6ba
artifacts_2510231-mixture-high_sft-gim_Idavidrein_gpqa_251024-132259.json,mcqa,198,198,25,100,0.12626262626262627,0.25510204081632654,820.3888888888889,1789.1020408163265,2401.1060606060605,3272.1717171717173,2025-10-24T13:22:59.918370,2025-10-24T13:28:35.836714,5.598639066666666,"{'model_name': 'artifacts/2510231-mixture-high/sft-gim', 'api_key': '', 'base_url': 'http://localhost:8000/v1', 'is_gim': True, 'reason_budget': 18, 'temperature': 0.0, 'presence_penalty': 1.0, 'max_tokens': 8192, 'seed': 16, 'first_n': 198, 'num_proc': 40, 'output_dir': 'results', 'counter_tokenizer': 'unsloth/Qwen3-4B-Instruct-2507', 'ref_model_name': 'gpt2', 'ref_model_device': 'cpu', 'dataset': {'path': 'Idavidrein/gpqa', 'name': 'gpqa_diamond', 'split': 'train'}}",feat/mixture,524cc7d9cd92e0c68edee6da02c703020276e6ba
artifacts_2510231-mixture-high_sft-gim_openlifescienceai_medmcqa_251024-133650.json,mcqa,1000,1000,227,445,0.227,0.409009009009009,315.153,561.0738738738738,1056.628,1397.342,2025-10-24T13:36:50.037132,2025-10-24T13:42:26.532906,5.6082629,"{'model_name': 'artifacts/2510231-mixture-high/sft-gim', 'api_key': '', 'base_url': 'http://localhost:8000/v1', 'is_gim': True, 'reason_budget': 6, 'temperature': 0.0, 'presence_penalty': 1.0, 'max_tokens': 8192, 'seed': 16, 'first_n': 1000, 'num_proc': 40, 'output_dir': 'results', 'counter_tokenizer': 'unsloth/Qwen3-4B-Instruct-2507', 'ref_model_name': 'gpt2', 'ref_model_device': 'cpu', 'dataset': {'path': 'openlifescienceai/medmcqa', 'name': None, 'split': 'validation'}}",feat/mixture,524cc7d9cd92e0c68edee6da02c703020276e6ba
artifacts_2510231-mixture-high_sft-gim_openlifescienceai_medmcqa_251024-134237.json,mcqa,1000,1000,277,349,0.277,0.4254992319508449,371.152,638.3886328725039,1206.628,1851.568,2025-10-24T13:42:37.892392,2025-10-24T13:48:33.156717,5.921072083333333,"{'model_name': 'artifacts/2510231-mixture-high/sft-gim', 'api_key': '', 'base_url': 'http://localhost:8000/v1', 'is_gim': True, 'reason_budget': 8, 'temperature': 0.0, 'presence_penalty': 1.0, 'max_tokens': 8192, 'seed': 16, 'first_n': 1000, 'num_proc': 40, 'output_dir': 'results', 'counter_tokenizer': 'unsloth/Qwen3-4B-Instruct-2507', 'ref_model_name': 'gpt2', 'ref_model_device': 'cpu', 'dataset': {'path': 'openlifescienceai/medmcqa', 'name': None, 'split': 'validation'}}",feat/mixture,524cc7d9cd92e0c68edee6da02c703020276e6ba
artifacts_2510231-mixture-high_sft-gim_TIGER-Lab_MMLU-Pro_251024-141625.json,mcqa,1000,1000,136,690,0.136,0.43870967741935485,363.436,613.1838709677419,1249.01,736.599,2025-10-24T14:16:25.940719,2025-10-24T14:25:28.284875,9.039069266666667,"{'model_name': 'artifacts/2510231-mixture-high/sft-gim', 'api_key': '', 'base_url': 'http://localhost:8000/v1', 'is_gim': True, 'reason_budget': 2, 'temperature': 0.0, 'presence_penalty': 1.0, 'max_tokens': 8192, 'seed': 16, 'first_n': 1000, 'num_proc': 40, 'output_dir': 'results', 'counter_tokenizer': 'unsloth/Qwen3-4B-Instruct-2507', 'ref_model_name': 'gpt2', 'ref_model_device': 'cpu', 'dataset': {'path': 'TIGER-Lab/MMLU-Pro', 'name': None, 'split': 'test'}}",feat/mixture,524cc7d9cd92e0c68edee6da02c703020276e6ba
artifacts_2510231-mixture-high_sft-gim_openlifescienceai_medmcqa_251024-134845.json,mcqa,1000,1000,176,597,0.176,0.43672456575682383,428.152,744.5459057071961,1357.628,1335.427,2025-10-24T13:48:45.199998,2025-10-24T13:54:36.893100,5.861551700000001,"{'model_name': 'artifacts/2510231-mixture-high/sft-gim', 'api_key': '', 'base_url': 'http://localhost:8000/v1', 'is_gim': True, 'reason_budget': 10, 'temperature': 0.0, 'presence_penalty': 1.0, 'max_tokens': 8192, 'seed': 16, 'first_n': 1000, 'num_proc': 40, 'output_dir': 'results', 'counter_tokenizer': 'unsloth/Qwen3-4B-Instruct-2507', 'ref_model_name': 'gpt2', 'ref_model_device': 'cpu', 'dataset': {'path': 'openlifescienceai/medmcqa', 'name': None, 'split': 'validation'}}",feat/mixture,524cc7d9cd92e0c68edee6da02c703020276e6ba
artifacts_2510231-mixture-high_sft-gim_TIGER-Lab_MMLU-Pro_251024-142539.json,mcqa,1000,1000,161,666,0.161,0.4820359281437126,419.435,779.2844311377246,1399.01,1015.336,2025-10-24T14:25:39.885837,2025-10-24T14:37:18.100284,11.636907449999999,"{'model_name': 'artifacts/2510231-mixture-high/sft-gim', 'api_key': '', 'base_url': 'http://localhost:8000/v1', 'is_gim': True, 'reason_budget': 4, 'temperature': 0.0, 'presence_penalty': 1.0, 'max_tokens': 8192, 'seed': 16, 'first_n': 1000, 'num_proc': 40, 'output_dir': 'results', 'counter_tokenizer': 'unsloth/Qwen3-4B-Instruct-2507', 'ref_model_name': 'gpt2', 'ref_model_device': 'cpu', 'dataset': {'path': 'TIGER-Lab/MMLU-Pro', 'name': None, 'split': 'test'}}",feat/mixture,524cc7d9cd92e0c68edee6da02c703020276e6ba
artifacts_2510231-mixture-high_sft-gim_openlifescienceai_medmcqa_251024-135447.json,mcqa,1000,1000,117,723,0.117,0.4223826714801444,486.152,831.9169675090253,1509.628,1013.939,2025-10-24T13:54:47.805235,2025-10-24T13:59:22.040700,4.5705910833333325,"{'model_name': 'artifacts/2510231-mixture-high/sft-gim', 'api_key': '', 'base_url': 'http://localhost:8000/v1', 'is_gim': True, 'reason_budget': 12, 'temperature': 0.0, 'presence_penalty': 1.0, 'max_tokens': 8192, 'seed': 16, 'first_n': 1000, 'num_proc': 40, 'output_dir': 'results', 'counter_tokenizer': 'unsloth/Qwen3-4B-Instruct-2507', 'ref_model_name': 'gpt2', 'ref_model_device': 'cpu', 'dataset': {'path': 'openlifescienceai/medmcqa', 'name': None, 'split': 'validation'}}",feat/mixture,524cc7d9cd92e0c68edee6da02c703020276e6ba
artifacts_2510231-mixture-high_sft-gim_TIGER-Lab_MMLU-Pro_251024-143731.json,mcqa,1000,1000,162,620,0.162,0.4263157894736842,475.434,901.95,1549.01,1337.262,2025-10-24T14:37:31.877924,2025-10-24T14:49:06.344938,11.574450233333332,"{'model_name': 'artifacts/2510231-mixture-high/sft-gim', 'api_key': '', 'base_url': 'http://localhost:8000/v1', 'is_gim': True, 'reason_budget': 6, 'temperature': 0.0, 'presence_penalty': 1.0, 'max_tokens': 8192, 'seed': 16, 'first_n': 1000, 'num_proc': 40, 'output_dir': 'results', 'counter_tokenizer': 'unsloth/Qwen3-4B-Instruct-2507', 'ref_model_name': 'gpt2', 'ref_model_device': 'cpu', 'dataset': {'path': 'TIGER-Lab/MMLU-Pro', 'name': None, 'split': 'test'}}",feat/mixture,524cc7d9cd92e0c68edee6da02c703020276e6ba
artifacts_2510231-mixture-high_sft-gim_openlifescienceai_medmcqa_251024-135934.json,mcqa,1000,1000,123,684,0.123,0.38924050632911394,544.152,961.5348101265823,1661.628,1339.15,2025-10-24T13:59:34.041096,2025-10-24T14:05:00.827975,5.446447983333333,"{'model_name': 'artifacts/2510231-mixture-high/sft-gim', 'api_key': '', 'base_url': 'http://localhost:8000/v1', 'is_gim': True, 'reason_budget': 14, 'temperature': 0.0, 'presence_penalty': 1.0, 'max_tokens': 8192, 'seed': 16, 'first_n': 1000, 'num_proc': 40, 'output_dir': 'results', 'counter_tokenizer': 'unsloth/Qwen3-4B-Instruct-2507', 'ref_model_name': 'gpt2', 'ref_model_device': 'cpu', 'dataset': {'path': 'openlifescienceai/medmcqa', 'name': None, 'split': 'validation'}}",feat/mixture,524cc7d9cd92e0c68edee6da02c703020276e6ba
artifacts_2510231-mixture-high_sft-gim_TIGER-Lab_MMLU-Pro_251024-144920.json,mcqa,1000,1000,236,442,0.236,0.4229390681003584,531.434,990.0430107526881,1699.01,2179.115,2025-10-24T14:49:20.032624,2025-10-24T15:02:05.603156,12.759508866666666,"{'model_name': 'artifacts/2510231-mixture-high/sft-gim', 'api_key': '', 'base_url': 'http://localhost:8000/v1', 'is_gim': True, 'reason_budget': 8, 'temperature': 0.0, 'presence_penalty': 1.0, 'max_tokens': 8192, 'seed': 16, 'first_n': 1000, 'num_proc': 40, 'output_dir': 'results', 'counter_tokenizer': 'unsloth/Qwen3-4B-Instruct-2507', 'ref_model_name': 'gpt2', 'ref_model_device': 'cpu', 'dataset': {'path': 'TIGER-Lab/MMLU-Pro', 'name': None, 'split': 'test'}}",feat/mixture,524cc7d9cd92e0c68edee6da02c703020276e6ba
artifacts_2510231-mixture-high_sft-gim_openlifescienceai_medmcqa_251024-140512.json,mcqa,1000,1000,104,722,0.104,0.37410071942446044,602.152,908.115107913669,1813.628,1118.575,2025-10-24T14:05:12.458412,2025-10-24T14:10:17.070278,5.076864433333333,"{'model_name': 'artifacts/2510231-mixture-high/sft-gim', 'api_key': '', 'base_url': 'http://localhost:8000/v1', 'is_gim': True, 'reason_budget': 16, 'temperature': 0.0, 'presence_penalty': 1.0, 'max_tokens': 8192, 'seed': 16, 'first_n': 1000, 'num_proc': 40, 'output_dir': 'results', 'counter_tokenizer': 'unsloth/Qwen3-4B-Instruct-2507', 'ref_model_name': 'gpt2', 'ref_model_device': 'cpu', 'dataset': {'path': 'openlifescienceai/medmcqa', 'name': None, 'split': 'validation'}}",feat/mixture,524cc7d9cd92e0c68edee6da02c703020276e6ba
artifacts_2510231-mixture-high_sft-gim_TIGER-Lab_MMLU-Pro_251024-150218.json,mcqa,1000,1000,122,670,0.122,0.3696969696969697,588.435,1184.439393939394,1850.01,1504.282,2025-10-24T15:02:18.588346,2025-10-24T15:15:55.843059,13.620911883333333,"{'model_name': 'artifacts/2510231-mixture-high/sft-gim', 'api_key': '', 'base_url': 'http://localhost:8000/v1', 'is_gim': True, 'reason_budget': 10, 'temperature': 0.0, 'presence_penalty': 1.0, 'max_tokens': 8192, 'seed': 16, 'first_n': 1000, 'num_proc': 40, 'output_dir': 'results', 'counter_tokenizer': 'unsloth/Qwen3-4B-Instruct-2507', 'ref_model_name': 'gpt2', 'ref_model_device': 'cpu', 'dataset': {'path': 'TIGER-Lab/MMLU-Pro', 'name': None, 'split': 'test'}}",feat/mixture,524cc7d9cd92e0c68edee6da02c703020276e6ba
artifacts_2510231-mixture-high_sft-gim_openlifescienceai_medmcqa_251024-141029.json,mcqa,1000,1000,116,717,0.116,0.4098939929328622,660.152,1158.183745583039,1965.628,1436.381,2025-10-24T14:10:29.171593,2025-10-24T14:16:12.826564,5.72758285,"{'model_name': 'artifacts/2510231-mixture-high/sft-gim', 'api_key': '', 'base_url': 'http://localhost:8000/v1', 'is_gim': True, 'reason_budget': 18, 'temperature': 0.0, 'presence_penalty': 1.0, 'max_tokens': 8192, 'seed': 16, 'first_n': 1000, 'num_proc': 40, 'output_dir': 'results', 'counter_tokenizer': 'unsloth/Qwen3-4B-Instruct-2507', 'ref_model_name': 'gpt2', 'ref_model_device': 'cpu', 'dataset': {'path': 'openlifescienceai/medmcqa', 'name': None, 'split': 'validation'}}",feat/mixture,524cc7d9cd92e0c68edee6da02c703020276e6ba
artifacts_2510231-mixture-high_sft-gim_TIGER-Lab_MMLU-Pro_251024-151609.json,mcqa,1000,1000,97,792,0.097,0.46634615384615385,646.435,1222.0048076923076,2002.01,961.616,2025-10-24T15:16:09.278663,2025-10-24T15:31:33.943980,15.411088616666666,"{'model_name': 'artifacts/2510231-mixture-high/sft-gim', 'api_key': '', 'base_url': 'http://localhost:8000/v1', 'is_gim': True, 'reason_budget': 12, 'temperature': 0.0, 'presence_penalty': 1.0, 'max_tokens': 8192, 'seed': 16, 'first_n': 1000, 'num_proc': 40, 'output_dir': 'results', 'counter_tokenizer': 'unsloth/Qwen3-4B-Instruct-2507', 'ref_model_name': 'gpt2', 'ref_model_device': 'cpu', 'dataset': {'path': 'TIGER-Lab/MMLU-Pro', 'name': None, 'split': 'test'}}",feat/mixture,524cc7d9cd92e0c68edee6da02c703020276e6ba
artifacts_2510232-mixture-mid_sft-gim_Idavidrein_gpqa_251024-193536.json,mcqa,198,198,51,21,0.25757575757575757,0.288135593220339,363.3888888888889,627.3502824858757,1192.1060606060605,1989.4747474747476,2025-10-24T19:35:36.268998,2025-10-24T19:38:24.529140,2.8043357,"{'model_name': 'artifacts/2510232-mixture-mid/sft-gim', 'api_key': '', 'base_url': 'http://localhost:8000/v1', 'is_gim': True, 'reason_budget': 2, 'temperature': 0.0, 'presence_penalty': 1.0, 'max_tokens': 8192, 'seed': 16, 'first_n': 198, 'num_proc': 40, 'output_dir': 'results', 'counter_tokenizer': 'unsloth/Qwen3-4B-Instruct-2507', 'ref_model_name': 'gpt2', 'ref_model_device': 'cpu', 'dataset': {'path': 'Idavidrein/gpqa', 'name': 'gpqa_diamond', 'split': 'train'}}",feat/mixture,524cc7d9cd92e0c68edee6da02c703020276e6ba
artifacts_2510231-mixture-high_sft-gim_TIGER-Lab_MMLU-Pro_251024-153147.json,mcqa,1000,1000,184,593,0.184,0.4520884520884521,704.436,1378.4226044226045,2154.01,2208.291,2025-10-24T15:31:47.315390,2025-10-24T15:49:17.590033,17.504577383333334,"{'model_name': 'artifacts/2510231-mixture-high/sft-gim', 'api_key': '', 'base_url': 'http://localhost:8000/v1', 'is_gim': True, 'reason_budget': 14, 'temperature': 0.0, 'presence_penalty': 1.0, 'max_tokens': 8192, 'seed': 16, 'first_n': 1000, 'num_proc': 40, 'output_dir': 'results', 'counter_tokenizer': 'unsloth/Qwen3-4B-Instruct-2507', 'ref_model_name': 'gpt2', 'ref_model_device': 'cpu', 'dataset': {'path': 'TIGER-Lab/MMLU-Pro', 'name': None, 'split': 'test'}}",feat/mixture,524cc7d9cd92e0c68edee6da02c703020276e6ba
artifacts_2510232-mixture-mid_sft-gim_Idavidrein_gpqa_251024-193835.json,mcqa,198,198,26,83,0.13131313131313133,0.22608695652173913,419.3989898989899,945.4608695652174,1342.1060606060605,1977.7121212121212,2025-10-24T19:38:35.923769,2025-10-24T19:42:38.739647,4.0469313,"{'model_name': 'artifacts/2510232-mixture-mid/sft-gim', 'api_key': '', 'base_url': 'http://localhost:8000/v1', 'is_gim': True, 'reason_budget': 4, 'temperature': 0.0, 'presence_penalty': 1.0, 'max_tokens': 8192, 'seed': 16, 'first_n': 198, 'num_proc': 40, 'output_dir': 'results', 'counter_tokenizer': 'unsloth/Qwen3-4B-Instruct-2507', 'ref_model_name': 'gpt2', 'ref_model_device': 'cpu', 'dataset': {'path': 'Idavidrein/gpqa', 'name': 'gpqa_diamond', 'split': 'train'}}",feat/mixture,524cc7d9cd92e0c68edee6da02c703020276e6ba
artifacts_2510231-mixture-high_sft-gim_TIGER-Lab_MMLU-Pro_251024-154929.json,mcqa,1000,1000,154,659,0.154,0.45161290322580644,762.435,1529.507331378299,2306.01,1977.233,2025-10-24T15:49:29.842191,2025-10-24T16:07:13.387689,17.7257583,"{'model_name': 'artifacts/2510231-mixture-high/sft-gim', 'api_key': '', 'base_url': 'http://localhost:8000/v1', 'is_gim': True, 'reason_budget': 16, 'temperature': 0.0, 'presence_penalty': 1.0, 'max_tokens': 8192, 'seed': 16, 'first_n': 1000, 'num_proc': 40, 'output_dir': 'results', 'counter_tokenizer': 'unsloth/Qwen3-4B-Instruct-2507', 'ref_model_name': 'gpt2', 'ref_model_device': 'cpu', 'dataset': {'path': 'TIGER-Lab/MMLU-Pro', 'name': None, 'split': 'test'}}",feat/mixture,524cc7d9cd92e0c68edee6da02c703020276e6ba
artifacts_2510232-mixture-mid_sft-gim_Idavidrein_gpqa_251024-194250.json,mcqa,198,198,11,160,0.05555555555555555,0.2894736842105263,475.3939393939394,1432.157894736842,1492.1060606060605,943.070707070707,2025-10-24T19:42:50.048859,2025-10-24T19:47:52.757432,5.045142883333333,"{'model_name': 'artifacts/2510232-mixture-mid/sft-gim', 'api_key': '', 'base_url': 'http://localhost:8000/v1', 'is_gim': True, 'reason_budget': 6, 'temperature': 0.0, 'presence_penalty': 1.0, 'max_tokens': 8192, 'seed': 16, 'first_n': 198, 'num_proc': 40, 'output_dir': 'results', 'counter_tokenizer': 'unsloth/Qwen3-4B-Instruct-2507', 'ref_model_name': 'gpt2', 'ref_model_device': 'cpu', 'dataset': {'path': 'Idavidrein/gpqa', 'name': 'gpqa_diamond', 'split': 'train'}}",feat/mixture,524cc7d9cd92e0c68edee6da02c703020276e6ba
artifacts_2510231-mixture-high_sft-gim_TIGER-Lab_MMLU-Pro_251024-160725.json,mcqa,1000,1000,159,623,0.159,0.4217506631299735,820.435,1831.0371352785146,2458.01,2645.485,2025-10-24T16:07:25.381385,2025-10-24T16:27:57.171982,20.52984328333333,"{'model_name': 'artifacts/2510231-mixture-high/sft-gim', 'api_key': '', 'base_url': 'http://localhost:8000/v1', 'is_gim': True, 'reason_budget': 18, 'temperature': 0.0, 'presence_penalty': 1.0, 'max_tokens': 8192, 'seed': 16, 'first_n': 1000, 'num_proc': 40, 'output_dir': 'results', 'counter_tokenizer': 'unsloth/Qwen3-4B-Instruct-2507', 'ref_model_name': 'gpt2', 'ref_model_device': 'cpu', 'dataset': {'path': 'TIGER-Lab/MMLU-Pro', 'name': None, 'split': 'test'}}",feat/mixture,524cc7d9cd92e0c68edee6da02c703020276e6ba
artifacts_2510231-mixture-high_sft-gim_openlifescienceai_medmcqa_251024-133216.json,mcqa,1000,1000,206,507,0.206,0.4178498985801217,259.153,487.6997971602434,906.628,1093.38,2025-10-24T13:32:16.671537,2025-10-24T13:36:38.365313,4.3615629333333334,"{'model_name': 'artifacts/2510231-mixture-high/sft-gim', 'api_key': '', 'base_url': 'http://localhost:8000/v1', 'is_gim': True, 'reason_budget': 4, 'temperature': 0.0, 'presence_penalty': 1.0, 'max_tokens': 8192, 'seed': 16, 'first_n': 1000, 'num_proc': 40, 'output_dir': 'results', 'counter_tokenizer': 'unsloth/Qwen3-4B-Instruct-2507', 'ref_model_name': 'gpt2', 'ref_model_device': 'cpu', 'dataset': {'path': 'openlifescienceai/medmcqa', 'name': None, 'split': 'validation'}}",feat/mixture,524cc7d9cd92e0c68edee6da02c703020276e6ba
artifacts_2510231-mixture-high_sft-gim_openlifescienceai_medmcqa_251024-132847.json,mcqa,1000,1000,318,300,0.318,0.4542857142857143,203.152,365.0985714285714,756.628,1160.642,2025-10-24T13:28:47.833309,2025-10-24T13:32:03.827159,3.266564166666667,"{'model_name': 'artifacts/2510231-mixture-high/sft-gim', 'api_key': '', 'base_url': 'http://localhost:8000/v1', 'is_gim': True, 'reason_budget': 2, 'temperature': 0.0, 'presence_penalty': 1.0, 'max_tokens': 8192, 'seed': 16, 'first_n': 1000, 'num_proc': 40, 'output_dir': 'results', 'counter_tokenizer': 'unsloth/Qwen3-4B-Instruct-2507', 'ref_model_name': 'gpt2', 'ref_model_device': 'cpu', 'dataset': {'path': 'openlifescienceai/medmcqa', 'name': None, 'split': 'validation'}}",feat/mixture,524cc7d9cd92e0c68edee6da02c703020276e6ba
artifacts_2510232-mixture-mid_sft-gim_Idavidrein_gpqa_251024-194804.json,mcqa,198,198,16,137,0.08080808080808081,0.26229508196721313,531.3888888888889,1883.016393442623,1642.1060606060605,1965.8838383838383,2025-10-24T19:48:04.839109,2025-10-24T19:53:41.356677,5.608626133333333,"{'model_name': 'artifacts/2510232-mixture-mid/sft-gim', 'api_key': '', 'base_url': 'http://localhost:8000/v1', 'is_gim': True, 'reason_budget': 8, 'temperature': 0.0, 'presence_penalty': 1.0, 'max_tokens': 8192, 'seed': 16, 'first_n': 198, 'num_proc': 40, 'output_dir': 'results', 'counter_tokenizer': 'unsloth/Qwen3-4B-Instruct-2507', 'ref_model_name': 'gpt2', 'ref_model_device': 'cpu', 'dataset': {'path': 'Idavidrein/gpqa', 'name': 'gpqa_diamond', 'split': 'train'}}",feat/mixture,524cc7d9cd92e0c68edee6da02c703020276e6ba
artifacts_2510232-mixture-mid_sft-gim_Idavidrein_gpqa_251024-195353.json,mcqa,198,198,0,198,0.0,0.0,588.3939393939394,0.0,1793.1060606060605,5.0,2025-10-24T19:53:53.685799,2025-10-24T19:59:38.983177,5.7549563,"{'model_name': 'artifacts/2510232-mixture-mid/sft-gim', 'api_key': '', 'base_url': 'http://localhost:8000/v1', 'is_gim': True, 'reason_budget': 10, 'temperature': 0.0, 'presence_penalty': 1.0, 'max_tokens': 8192, 'seed': 16, 'first_n': 198, 'num_proc': 40, 'output_dir': 'results', 'counter_tokenizer': 'unsloth/Qwen3-4B-Instruct-2507', 'ref_model_name': 'gpt2', 'ref_model_device': 'cpu', 'dataset': {'path': 'Idavidrein/gpqa', 'name': 'gpqa_diamond', 'split': 'train'}}",feat/mixture,524cc7d9cd92e0c68edee6da02c703020276e6ba
artifacts_2510232-mixture-mid_sft-gim_Idavidrein_gpqa_251024-195951.json,mcqa,198,198,0,192,0.0,0.0,646.39898989899,4619.0,1945.1060606060605,428.489898989899,2025-10-24T19:59:51.161698,2025-10-24T20:06:46.862469,6.928346183333333,"{'model_name': 'artifacts/2510232-mixture-mid/sft-gim', 'api_key': '', 'base_url': 'http://localhost:8000/v1', 'is_gim': True, 'reason_budget': 12, 'temperature': 0.0, 'presence_penalty': 1.0, 'max_tokens': 8192, 'seed': 16, 'first_n': 198, 'num_proc': 40, 'output_dir': 'results', 'counter_tokenizer': 'unsloth/Qwen3-4B-Instruct-2507', 'ref_model_name': 'gpt2', 'ref_model_device': 'cpu', 'dataset': {'path': 'Idavidrein/gpqa', 'name': 'gpqa_diamond', 'split': 'train'}}",feat/mixture,524cc7d9cd92e0c68edee6da02c703020276e6ba
artifacts_2510232-mixture-mid_sft-gim_Idavidrein_gpqa_251024-200658.json,mcqa,198,198,9,161,0.045454545454545456,0.24324324324324326,704.3939393939394,2933.2972972972975,2097.1060606060605,1758.828282828283,2025-10-24T20:06:58.961188,2025-10-24T20:14:33.007066,7.5674313,"{'model_name': 'artifacts/2510232-mixture-mid/sft-gim', 'api_key': '', 'base_url': 'http://localhost:8000/v1', 'is_gim': True, 'reason_budget': 14, 'temperature': 0.0, 'presence_penalty': 1.0, 'max_tokens': 8192, 'seed': 16, 'first_n': 198, 'num_proc': 40, 'output_dir': 'results', 'counter_tokenizer': 'unsloth/Qwen3-4B-Instruct-2507', 'ref_model_name': 'gpt2', 'ref_model_device': 'cpu', 'dataset': {'path': 'Idavidrein/gpqa', 'name': 'gpqa_diamond', 'split': 'train'}}",feat/mixture,524cc7d9cd92e0c68edee6da02c703020276e6ba
artifacts_2510232-mixture-mid_sft-gim_Idavidrein_gpqa_251024-201445.json,mcqa,198,198,1,194,0.005050505050505051,0.25,762.3939393939394,4521.0,2249.1060606060605,275.6868686868687,2025-10-24T20:14:45.618679,2025-10-24T20:23:20.029159,8.573508,"{'model_name': 'artifacts/2510232-mixture-mid/sft-gim', 'api_key': '', 'base_url': 'http://localhost:8000/v1', 'is_gim': True, 'reason_budget': 16, 'temperature': 0.0, 'presence_penalty': 1.0, 'max_tokens': 8192, 'seed': 16, 'first_n': 198, 'num_proc': 40, 'output_dir': 'results', 'counter_tokenizer': 'unsloth/Qwen3-4B-Instruct-2507', 'ref_model_name': 'gpt2', 'ref_model_device': 'cpu', 'dataset': {'path': 'Idavidrein/gpqa', 'name': 'gpqa_diamond', 'split': 'train'}}",feat/mixture,524cc7d9cd92e0c68edee6da02c703020276e6ba
artifacts_2510232-mixture-mid_sft-gim_Idavidrein_gpqa_251024-202332.json,mcqa,198,198,11,155,0.05555555555555555,0.2558139534883721,820.3939393939394,2578.906976744186,2401.1060606060605,1906.3181818181818,2025-10-24T20:23:32.949942,2025-10-24T20:32:21.695840,8.812431633333334,"{'model_name': 'artifacts/2510232-mixture-mid/sft-gim', 'api_key': '', 'base_url': 'http://localhost:8000/v1', 'is_gim': True, 'reason_budget': 18, 'temperature': 0.0, 'presence_penalty': 1.0, 'max_tokens': 8192, 'seed': 16, 'first_n': 198, 'num_proc': 40, 'output_dir': 'results', 'counter_tokenizer': 'unsloth/Qwen3-4B-Instruct-2507', 'ref_model_name': 'gpt2', 'ref_model_device': 'cpu', 'dataset': {'path': 'Idavidrein/gpqa', 'name': 'gpqa_diamond', 'split': 'train'}}",feat/mixture,524cc7d9cd92e0c68edee6da02c703020276e6ba
artifacts_2510232-mixture-mid_sft-gim_openlifescienceai_medmcqa_251024-203235.json,mcqa,1000,1000,399,64,0.399,0.42628205128205127,203.153,346.4273504273504,756.628,1459.857,2025-10-24T20:32:35.074158,2025-10-24T20:39:15.355524,6.6713561,"{'model_name': 'artifacts/2510232-mixture-mid/sft-gim', 'api_key': '', 'base_url': 'http://localhost:8000/v1', 'is_gim': True, 'reason_budget': 2, 'temperature': 0.0, 'presence_penalty': 1.0, 'max_tokens': 8192, 'seed': 16, 'first_n': 1000, 'num_proc': 40, 'output_dir': 'results', 'counter_tokenizer': 'unsloth/Qwen3-4B-Instruct-2507', 'ref_model_name': 'gpt2', 'ref_model_device': 'cpu', 'dataset': {'path': 'openlifescienceai/medmcqa', 'name': None, 'split': 'validation'}}",feat/mixture,524cc7d9cd92e0c68edee6da02c703020276e6ba
artifacts_2510232-mixture-mid_sft-gim_openlifescienceai_medmcqa_251024-203929.json,mcqa,1000,1000,197,510,0.197,0.4020408163265306,259.152,510.55102040816325,906.628,1124.847,2025-10-24T20:39:29.023434,2025-10-24T20:46:13.857117,6.74722805,"{'model_name': 'artifacts/2510232-mixture-mid/sft-gim', 'api_key': '', 'base_url': 'http://localhost:8000/v1', 'is_gim': True, 'reason_budget': 4, 'temperature': 0.0, 'presence_penalty': 1.0, 'max_tokens': 8192, 'seed': 16, 'first_n': 1000, 'num_proc': 40, 'output_dir': 'results', 'counter_tokenizer': 'unsloth/Qwen3-4B-Instruct-2507', 'ref_model_name': 'gpt2', 'ref_model_device': 'cpu', 'dataset': {'path': 'openlifescienceai/medmcqa', 'name': None, 'split': 'validation'}}",feat/mixture,524cc7d9cd92e0c68edee6da02c703020276e6ba
artifacts_2510232-mixture-mid_sft-gim_openlifescienceai_medmcqa_251024-204626.json,mcqa,1000,1000,5,990,0.005,0.5,315.152,969.0,1056.628,46.521,2025-10-24T20:46:26.916943,2025-10-24T20:55:09.420463,8.708392,"{'model_name': 'artifacts/2510232-mixture-mid/sft-gim', 'api_key': '', 'base_url': 'http://localhost:8000/v1', 'is_gim': True, 'reason_budget': 6, 'temperature': 0.0, 'presence_penalty': 1.0, 'max_tokens': 8192, 'seed': 16, 'first_n': 1000, 'num_proc': 40, 'output_dir': 'results', 'counter_tokenizer': 'unsloth/Qwen3-4B-Instruct-2507', 'ref_model_name': 'gpt2', 'ref_model_device': 'cpu', 'dataset': {'path': 'openlifescienceai/medmcqa', 'name': None, 'split': 'validation'}}",feat/mixture,524cc7d9cd92e0c68edee6da02c703020276e6ba
artifacts_2510232-mixture-mid_sft-gim_openlifescienceai_medmcqa_251024-205521.json,mcqa,1000,1000,53,896,0.053,0.5096153846153846,371.152,911.8365384615385,1206.628,430.195,2025-10-24T20:55:21.141004,2025-10-24T21:06:31.958122,11.180285300000001,"{'model_name': 'artifacts/2510232-mixture-mid/sft-gim', 'api_key': '', 'base_url': 'http://localhost:8000/v1', 'is_gim': True, 'reason_budget': 8, 'temperature': 0.0, 'presence_penalty': 1.0, 'max_tokens': 8192, 'seed': 16, 'first_n': 1000, 'num_proc': 40, 'output_dir': 'results', 'counter_tokenizer': 'unsloth/Qwen3-4B-Instruct-2507', 'ref_model_name': 'gpt2', 'ref_model_device': 'cpu', 'dataset': {'path': 'openlifescienceai/medmcqa', 'name': None, 'split': 'validation'}}",feat/mixture,524cc7d9cd92e0c68edee6da02c703020276e6ba
artifacts_2510232-mixture-mid_sft-gim_openlifescienceai_medmcqa_251024-210645.json,mcqa,1000,1000,0,1000,0.0,0.0,428.153,0.0,1357.628,5.0,2025-10-24T21:06:45.290171,2025-10-24T21:20:32.049134,13.77931605,"{'model_name': 'artifacts/2510232-mixture-mid/sft-gim', 'api_key': '', 'base_url': 'http://localhost:8000/v1', 'is_gim': True, 'reason_budget': 10, 'temperature': 0.0, 'presence_penalty': 1.0, 'max_tokens': 8192, 'seed': 16, 'first_n': 1000, 'num_proc': 40, 'output_dir': 'results', 'counter_tokenizer': 'unsloth/Qwen3-4B-Instruct-2507', 'ref_model_name': 'gpt2', 'ref_model_device': 'cpu', 'dataset': {'path': 'openlifescienceai/medmcqa', 'name': None, 'split': 'validation'}}",feat/mixture,524cc7d9cd92e0c68edee6da02c703020276e6ba
artifacts_2510232-mixture-mid_sft-gim_openlifescienceai_medmcqa_251024-212044.json,mcqa,1000,1000,0,1000,0.0,0.0,486.152,0.0,1509.628,5.0,2025-10-24T21:20:44.482415,2025-10-24T21:35:55.414565,15.182202499999999,"{'model_name': 'artifacts/2510232-mixture-mid/sft-gim', 'api_key': '', 'base_url': 'http://localhost:8000/v1', 'is_gim': True, 'reason_budget': 12, 'temperature': 0.0, 'presence_penalty': 1.0, 'max_tokens': 8192, 'seed': 16, 'first_n': 1000, 'num_proc': 40, 'output_dir': 'results', 'counter_tokenizer': 'unsloth/Qwen3-4B-Instruct-2507', 'ref_model_name': 'gpt2', 'ref_model_device': 'cpu', 'dataset': {'path': 'openlifescienceai/medmcqa', 'name': None, 'split': 'validation'}}",feat/mixture,524cc7d9cd92e0c68edee6da02c703020276e6ba
artifacts_2510232-mixture-mid_sft-gim_openlifescienceai_medmcqa_251024-213607.json,mcqa,1000,1000,21,938,0.021,0.3387096774193548,544.152,970.6612903225806,1661.628,265.319,2025-10-24T21:36:07.705699,2025-10-24T21:54:54.548726,18.780717116666665,"{'model_name': 'artifacts/2510232-mixture-mid/sft-gim', 'api_key': '', 'base_url': 'http://localhost:8000/v1', 'is_gim': True, 'reason_budget': 14, 'temperature': 0.0, 'presence_penalty': 1.0, 'max_tokens': 8192, 'seed': 16, 'first_n': 1000, 'num_proc': 40, 'output_dir': 'results', 'counter_tokenizer': 'unsloth/Qwen3-4B-Instruct-2507', 'ref_model_name': 'gpt2', 'ref_model_device': 'cpu', 'dataset': {'path': 'openlifescienceai/medmcqa', 'name': None, 'split': 'validation'}}",feat/mixture,524cc7d9cd92e0c68edee6da02c703020276e6ba
artifacts_2510232-mixture-mid_sft-gim_openlifescienceai_medmcqa_251024-215506.json,mcqa,1000,1000,0,1000,0.0,0.0,602.152,0.0,1813.628,5.0,2025-10-24T21:55:06.259794,2025-10-24T22:17:02.351077,21.934854716666667,"{'model_name': 'artifacts/2510232-mixture-mid/sft-gim', 'api_key': '', 'base_url': 'http://localhost:8000/v1', 'is_gim': True, 'reason_budget': 16, 'temperature': 0.0, 'presence_penalty': 1.0, 'max_tokens': 8192, 'seed': 16, 'first_n': 1000, 'num_proc': 40, 'output_dir': 'results', 'counter_tokenizer': 'unsloth/Qwen3-4B-Instruct-2507', 'ref_model_name': 'gpt2', 'ref_model_device': 'cpu', 'dataset': {'path': 'openlifescienceai/medmcqa', 'name': None, 'split': 'validation'}}",feat/mixture,524cc7d9cd92e0c68edee6da02c703020276e6ba
artifacts_2510232-mixture-mid_sft-gim_openlifescienceai_medmcqa_251024-221715.json,mcqa,1000,1000,49,884,0.049,0.4224137931034483,660.153,1337.5172413793102,1965.628,693.919,2025-10-24T22:17:15.142979,2025-10-24T22:42:00.935437,24.76320763333333,"{'model_name': 'artifacts/2510232-mixture-mid/sft-gim', 'api_key': '', 'base_url': 'http://localhost:8000/v1', 'is_gim': True, 'reason_budget': 18, 'temperature': 0.0, 'presence_penalty': 1.0, 'max_tokens': 8192, 'seed': 16, 'first_n': 1000, 'num_proc': 40, 'output_dir': 'results', 'counter_tokenizer': 'unsloth/Qwen3-4B-Instruct-2507', 'ref_model_name': 'gpt2', 'ref_model_device': 'cpu', 'dataset': {'path': 'openlifescienceai/medmcqa', 'name': None, 'split': 'validation'}}",feat/mixture,524cc7d9cd92e0c68edee6da02c703020276e6ba
artifacts_2510232-mixture-mid_sft-gim_TIGER-Lab_MMLU-Pro_251024-224214.json,mcqa,1000,1000,302,299,0.302,0.43081312410841655,363.435,538.5791726105564,1249.01,1273.097,2025-10-24T22:42:14.916867,2025-10-24T22:52:08.664421,9.895792566666668,"{'model_name': 'artifacts/2510232-mixture-mid/sft-gim', 'api_key': '', 'base_url': 'http://localhost:8000/v1', 'is_gim': True, 'reason_budget': 2, 'temperature': 0.0, 'presence_penalty': 1.0, 'max_tokens': 8192, 'seed': 16, 'first_n': 1000, 'num_proc': 40, 'output_dir': 'results', 'counter_tokenizer': 'unsloth/Qwen3-4B-Instruct-2507', 'ref_model_name': 'gpt2', 'ref_model_device': 'cpu', 'dataset': {'path': 'TIGER-Lab/MMLU-Pro', 'name': None, 'split': 'test'}}",feat/mixture,524cc7d9cd92e0c68edee6da02c703020276e6ba
artifacts_2510232-mixture-mid_sft-gim_TIGER-Lab_MMLU-Pro_251024-225221.json,mcqa,1000,1000,216,447,0.216,0.39059674502712477,419.435,868.5352622061483,1399.01,1588.685,2025-10-24T22:52:21.750970,2025-10-24T23:04:51.202018,12.4908508,"{'model_name': 'artifacts/2510232-mixture-mid/sft-gim', 'api_key': '', 'base_url': 'http://localhost:8000/v1', 'is_gim': True, 'reason_budget': 4, 'temperature': 0.0, 'presence_penalty': 1.0, 'max_tokens': 8192, 'seed': 16, 'first_n': 1000, 'num_proc': 40, 'output_dir': 'results', 'counter_tokenizer': 'unsloth/Qwen3-4B-Instruct-2507', 'ref_model_name': 'gpt2', 'ref_model_device': 'cpu', 'dataset': {'path': 'TIGER-Lab/MMLU-Pro', 'name': None, 'split': 'test'}}",feat/mixture,524cc7d9cd92e0c68edee6da02c703020276e6ba
artifacts_2510232-mixture-mid_sft-gim_TIGER-Lab_MMLU-Pro_251024-230504.json,mcqa,1000,1000,48,880,0.048,0.4,475.436,1264.375,1549.01,459.032,2025-10-24T23:05:04.419480,2025-10-24T23:19:22.615423,14.303265716666667,"{'model_name': 'artifacts/2510232-mixture-mid/sft-gim', 'api_key': '', 'base_url': 'http://localhost:8000/v1', 'is_gim': True, 'reason_budget': 6, 'temperature': 0.0, 'presence_penalty': 1.0, 'max_tokens': 8192, 'seed': 16, 'first_n': 1000, 'num_proc': 40, 'output_dir': 'results', 'counter_tokenizer': 'unsloth/Qwen3-4B-Instruct-2507', 'ref_model_name': 'gpt2', 'ref_model_device': 'cpu', 'dataset': {'path': 'TIGER-Lab/MMLU-Pro', 'name': None, 'split': 'test'}}",feat/mixture,524cc7d9cd92e0c68edee6da02c703020276e6ba
artifacts_2510232-mixture-mid_sft-gim_TIGER-Lab_MMLU-Pro_251024-231935.json,mcqa,1000,1000,72,822,0.072,0.4044943820224719,531.434,1536.0449438202247,1699.01,847.071,2025-10-24T23:19:35.828180,2025-10-24T23:37:02.786803,17.449310383333334,"{'model_name': 'artifacts/2510232-mixture-mid/sft-gim', 'api_key': '', 'base_url': 'http://localhost:8000/v1', 'is_gim': True, 'reason_budget': 8, 'temperature': 0.0, 'presence_penalty': 1.0, 'max_tokens': 8192, 'seed': 16, 'first_n': 1000, 'num_proc': 40, 'output_dir': 'results', 'counter_tokenizer': 'unsloth/Qwen3-4B-Instruct-2507', 'ref_model_name': 'gpt2', 'ref_model_device': 'cpu', 'dataset': {'path': 'TIGER-Lab/MMLU-Pro', 'name': None, 'split': 'test'}}",feat/mixture,524cc7d9cd92e0c68edee6da02c703020276e6ba
artifacts_2510232-mixture-mid_sft-gim_TIGER-Lab_MMLU-Pro_251024-233716.json,mcqa,1000,1000,0,999,0.0,0.0,588.435,5167.0,1850.01,19.723,2025-10-24T23:37:16.096324,2025-10-24T23:58:07.000480,20.8484026,"{'model_name': 'artifacts/2510232-mixture-mid/sft-gim', 'api_key': '', 'base_url': 'http://localhost:8000/v1', 'is_gim': True, 'reason_budget': 10, 'temperature': 0.0, 'presence_penalty': 1.0, 'max_tokens': 8192, 'seed': 16, 'first_n': 1000, 'num_proc': 40, 'output_dir': 'results', 'counter_tokenizer': 'unsloth/Qwen3-4B-Instruct-2507', 'ref_model_name': 'gpt2', 'ref_model_device': 'cpu', 'dataset': {'path': 'TIGER-Lab/MMLU-Pro', 'name': None, 'split': 'test'}}",feat/mixture,524cc7d9cd92e0c68edee6da02c703020276e6ba
artifacts_2510232-mixture-mid_sft-gim_TIGER-Lab_MMLU-Pro_251024-235820.json,mcqa,1000,1000,1,999,0.001,1.0,646.435,5075.0,2002.01,20.741,2025-10-24T23:58:20.462913,2025-10-25T00:20:09.913660,21.824179116666667,"{'model_name': 'artifacts/2510232-mixture-mid/sft-gim', 'api_key': '', 'base_url': 'http://localhost:8000/v1', 'is_gim': True, 'reason_budget': 12, 'temperature': 0.0, 'presence_penalty': 1.0, 'max_tokens': 8192, 'seed': 16, 'first_n': 1000, 'num_proc': 40, 'output_dir': 'results', 'counter_tokenizer': 'unsloth/Qwen3-4B-Instruct-2507', 'ref_model_name': 'gpt2', 'ref_model_device': 'cpu', 'dataset': {'path': 'TIGER-Lab/MMLU-Pro', 'name': None, 'split': 'test'}}",feat/mixture,524cc7d9cd92e0c68edee6da02c703020276e6ba
artifacts_2510232-mixture-mid_sft-gim_TIGER-Lab_MMLU-Pro_251025-002023.json,mcqa,1000,1000,49,871,0.049,0.3798449612403101,704.436,2456.5968992248063,2154.01,963.677,2025-10-25T00:20:23.753064,2025-10-25T00:45:22.169455,24.973606516666667,"{'model_name': 'artifacts/2510232-mixture-mid/sft-gim', 'api_key': '', 'base_url': 'http://localhost:8000/v1', 'is_gim': True, 'reason_budget': 14, 'temperature': 0.0, 'presence_penalty': 1.0, 'max_tokens': 8192, 'seed': 16, 'first_n': 1000, 'num_proc': 40, 'output_dir': 'results', 'counter_tokenizer': 'unsloth/Qwen3-4B-Instruct-2507', 'ref_model_name': 'gpt2', 'ref_model_device': 'cpu', 'dataset': {'path': 'TIGER-Lab/MMLU-Pro', 'name': None, 'split': 'test'}}",feat/mixture,524cc7d9cd92e0c68edee6da02c703020276e6ba
artifacts_2510232-mixture-mid_sft-gim_TIGER-Lab_MMLU-Pro_251025-004535.json,mcqa,1000,1000,3,985,0.003,0.2,762.434,4858.6,2306.01,228.448,2025-10-25T00:45:35.737534,2025-10-25T01:15:56.340476,30.343382366666667,"{'model_name': 'artifacts/2510232-mixture-mid/sft-gim', 'api_key': '', 'base_url': 'http://localhost:8000/v1', 'is_gim': True, 'reason_budget': 16, 'temperature': 0.0, 'presence_penalty': 1.0, 'max_tokens': 8192, 'seed': 16, 'first_n': 1000, 'num_proc': 40, 'output_dir': 'results', 'counter_tokenizer': 'unsloth/Qwen3-4B-Instruct-2507', 'ref_model_name': 'gpt2', 'ref_model_device': 'cpu', 'dataset': {'path': 'TIGER-Lab/MMLU-Pro', 'name': None, 'split': 'test'}}",feat/mixture,524cc7d9cd92e0c68edee6da02c703020276e6ba
artifacts_2510232-mixture-mid_sft-gim_TIGER-Lab_MMLU-Pro_251025-011610.json,mcqa,1000,1000,50,880,0.05,0.4166666666666667,820.436,2946.516666666667,2458.01,1118.196,2025-10-25T01:16:10.611057,2025-10-25T01:51:27.217806,35.27677915,"{'model_name': 'artifacts/2510232-mixture-mid/sft-gim', 'api_key': '', 'base_url': 'http://localhost:8000/v1', 'is_gim': True, 'reason_budget': 18, 'temperature': 0.0, 'presence_penalty': 1.0, 'max_tokens': 8192, 'seed': 16, 'first_n': 1000, 'num_proc': 40, 'output_dir': 'results', 'counter_tokenizer': 'unsloth/Qwen3-4B-Instruct-2507', 'ref_model_name': 'gpt2', 'ref_model_device': 'cpu', 'dataset': {'path': 'TIGER-Lab/MMLU-Pro', 'name': None, 'split': 'test'}}",feat/mixture,524cc7d9cd92e0c68edee6da02c703020276e6ba
artifacts_2510232-mixture-mid_sft-gim_allenai_qasc_251025-015139.json,mcqa,920,920,582,86,0.6326086956521739,0.697841726618705,209.35434782608695,309.8093525179856,746.5152173913043,1290.0195652173913,2025-10-25T01:51:39.147669,2025-10-25T01:59:09.184786,7.500618616666667,"{'model_name': 'artifacts/2510232-mixture-mid/sft-gim', 'api_key': '', 'base_url': 'http://localhost:8000/v1', 'is_gim': True, 'reason_budget': 2, 'temperature': 0.0, 'presence_penalty': 1.0, 'max_tokens': 8192, 'seed': 16, 'first_n': 920, 'num_proc': 40, 'output_dir': 'results', 'counter_tokenizer': 'unsloth/Qwen3-4B-Instruct-2507', 'ref_model_name': 'gpt2', 'ref_model_device': 'cpu', 'dataset': {'path': 'allenai/qasc', 'name': None, 'split': 'validation'}}",feat/mixture,524cc7d9cd92e0c68edee6da02c703020276e6ba
artifacts_2510232-mixture-mid_sft-gim_allenai_qasc_251025-015922.json,mcqa,920,920,464,212,0.5043478260869565,0.655367231638418,265.3554347826087,478.0169491525424,896.5152173913043,1709.5347826086957,2025-10-25T01:59:22.692718,2025-10-25T02:06:24.138669,7.024099183333333,"{'model_name': 'artifacts/2510232-mixture-mid/sft-gim', 'api_key': '', 'base_url': 'http://localhost:8000/v1', 'is_gim': True, 'reason_budget': 4, 'temperature': 0.0, 'presence_penalty': 1.0, 'max_tokens': 8192, 'seed': 16, 'first_n': 920, 'num_proc': 40, 'output_dir': 'results', 'counter_tokenizer': 'unsloth/Qwen3-4B-Instruct-2507', 'ref_model_name': 'gpt2', 'ref_model_device': 'cpu', 'dataset': {'path': 'allenai/qasc', 'name': None, 'split': 'validation'}}",feat/mixture,524cc7d9cd92e0c68edee6da02c703020276e6ba
artifacts_2510232-mixture-mid_sft-gim_allenai_qasc_251025-020636.json,mcqa,920,920,16,895,0.017391304347826087,0.64,321.35434782608695,1014.84,1046.5152173913043,132.1413043478261,2025-10-25T02:06:36.275783,2025-10-25T02:14:04.073421,7.463293966666667,"{'model_name': 'artifacts/2510232-mixture-mid/sft-gim', 'api_key': '', 'base_url': 'http://localhost:8000/v1', 'is_gim': True, 'reason_budget': 6, 'temperature': 0.0, 'presence_penalty': 1.0, 'max_tokens': 8192, 'seed': 16, 'first_n': 920, 'num_proc': 40, 'output_dir': 'results', 'counter_tokenizer': 'unsloth/Qwen3-4B-Instruct-2507', 'ref_model_name': 'gpt2', 'ref_model_device': 'cpu', 'dataset': {'path': 'allenai/qasc', 'name': None, 'split': 'validation'}}",feat/mixture,524cc7d9cd92e0c68edee6da02c703020276e6ba
artifacts_2510232-mixture-mid_sft-gim_allenai_qasc_251025-021416.json,mcqa,920,920,77,801,0.08369565217391305,0.6470588235294118,377.35434782608695,865.9915966386554,1196.5152173913043,520.4478260869565,2025-10-25T02:14:16.933459,2025-10-25T02:24:02.124949,9.753191500000002,"{'model_name': 'artifacts/2510232-mixture-mid/sft-gim', 'api_key': '', 'base_url': 'http://localhost:8000/v1', 'is_gim': True, 'reason_budget': 8, 'temperature': 0.0, 'presence_penalty': 1.0, 'max_tokens': 8192, 'seed': 16, 'first_n': 920, 'num_proc': 40, 'output_dir': 'results', 'counter_tokenizer': 'unsloth/Qwen3-4B-Instruct-2507', 'ref_model_name': 'gpt2', 'ref_model_device': 'cpu', 'dataset': {'path': 'allenai/qasc', 'name': None, 'split': 'validation'}}",feat/mixture,524cc7d9cd92e0c68edee6da02c703020276e6ba
artifacts_2510232-mixture-mid_sft-gim_allenai_qasc_251025-022414.json,mcqa,920,920,0,920,0.0,0.0,434.35434782608695,0.0,1347.5152173913043,5.0,2025-10-25T02:24:14.913035,2025-10-25T02:35:53.129520,11.636941416666668,"{'model_name': 'artifacts/2510232-mixture-mid/sft-gim', 'api_key': '', 'base_url': 'http://localhost:8000/v1', 'is_gim': True, 'reason_budget': 10, 'temperature': 0.0, 'presence_penalty': 1.0, 'max_tokens': 8192, 'seed': 16, 'first_n': 920, 'num_proc': 40, 'output_dir': 'results', 'counter_tokenizer': 'unsloth/Qwen3-4B-Instruct-2507', 'ref_model_name': 'gpt2', 'ref_model_device': 'cpu', 'dataset': {'path': 'allenai/qasc', 'name': None, 'split': 'validation'}}",feat/mixture,524cc7d9cd92e0c68edee6da02c703020276e6ba
artifacts_2510232-mixture-mid_sft-gim_allenai_qasc_251025-023604.json,mcqa,920,920,0,920,0.0,0.0,492.35434782608695,0.0,1499.5152173913043,5.0,2025-10-25T02:36:04.897026,2025-10-25T02:49:21.798774,13.2816958,"{'model_name': 'artifacts/2510232-mixture-mid/sft-gim', 'api_key': '', 'base_url': 'http://localhost:8000/v1', 'is_gim': True, 'reason_budget': 12, 'temperature': 0.0, 'presence_penalty': 1.0, 'max_tokens': 8192, 'seed': 16, 'first_n': 920, 'num_proc': 40, 'output_dir': 'results', 'counter_tokenizer': 'unsloth/Qwen3-4B-Instruct-2507', 'ref_model_name': 'gpt2', 'ref_model_device': 'cpu', 'dataset': {'path': 'allenai/qasc', 'name': None, 'split': 'validation'}}",feat/mixture,524cc7d9cd92e0c68edee6da02c703020276e6ba
artifacts_2510232-mixture-mid_sft-gim_allenai_qasc_251025-024933.json,mcqa,920,920,83,809,0.09021739130434783,0.7477477477477478,550.354347826087,824.6486486486486,1651.5152173913043,459.81847826086954,2025-10-25T02:49:33.463437,2025-10-25T03:05:46.419710,16.215937883333332,"{'model_name': 'artifacts/2510232-mixture-mid/sft-gim', 'api_key': '', 'base_url': 'http://localhost:8000/v1', 'is_gim': True, 'reason_budget': 14, 'temperature': 0.0, 'presence_penalty': 1.0, 'max_tokens': 8192, 'seed': 16, 'first_n': 920, 'num_proc': 40, 'output_dir': 'results', 'counter_tokenizer': 'unsloth/Qwen3-4B-Instruct-2507', 'ref_model_name': 'gpt2', 'ref_model_device': 'cpu', 'dataset': {'path': 'allenai/qasc', 'name': None, 'split': 'validation'}}",feat/mixture,524cc7d9cd92e0c68edee6da02c703020276e6ba
artifacts_2510232-mixture-mid_sft-gim_TIGER-Lab_MMLU-Pro_251025-115925.json,mcqa,1000,1000,0,1000,0.0,0.0,588.516,0.0,1850.939,5.0,2025-10-25T11:59:25.042505,2025-10-25T12:18:54.471165,19.490477666666667,"{'model_name': 'artifacts/2510232-mixture-mid/sft-gim', 'api_key': '', 'base_url': 'http://localhost:8000/v1', 'is_gim': True, 'reason_budget': 10, 'temperature': 0.0, 'presence_penalty': 1.0, 'max_tokens': 8192, 'seed': 16, 'first_n': 1000, 'num_proc': 40, 'output_dir': 'results', 'counter_tokenizer': 'unsloth/Qwen3-4B-Instruct-2507', 'ref_model_name': 'gpt2', 'ref_model_device': 'cpu', 'dataset': {'path': 'TIGER-Lab/MMLU-Pro', 'name': None, 'split': 'test'}}",feat/mixture,524cc7d9cd92e0c68edee6da02c703020276e6ba
artifacts_2510232-mixture-mid_sft-gim_TIGER-Lab_MMLU-Pro_251025-121907.json,mcqa,1000,1000,0,999,0.0,0.0,646.516,6197.0,2002.939,17.291,2025-10-25T12:19:07.083373,2025-10-25T12:42:06.754198,22.99451375,"{'model_name': 'artifacts/2510232-mixture-mid/sft-gim', 'api_key': '', 'base_url': 'http://localhost:8000/v1', 'is_gim': True, 'reason_budget': 12, 'temperature': 0.0, 'presence_penalty': 1.0, 'max_tokens': 8192, 'seed': 16, 'first_n': 1000, 'num_proc': 40, 'output_dir': 'results', 'counter_tokenizer': 'unsloth/Qwen3-4B-Instruct-2507', 'ref_model_name': 'gpt2', 'ref_model_device': 'cpu', 'dataset': {'path': 'TIGER-Lab/MMLU-Pro', 'name': None, 'split': 'test'}}",feat/mixture,524cc7d9cd92e0c68edee6da02c703020276e6ba
artifacts_2510232-mixture-mid_sft-gim_TIGER-Lab_MMLU-Pro_251025-124219.json,mcqa,1000,1000,49,875,0.049,0.392,704.518,2371.168,2154.939,874.057,2025-10-25T12:42:19.405088,2025-10-25T13:08:45.346488,26.432356666666667,"{'model_name': 'artifacts/2510232-mixture-mid/sft-gim', 'api_key': '', 'base_url': 'http://localhost:8000/v1', 'is_gim': True, 'reason_budget': 14, 'temperature': 0.0, 'presence_penalty': 1.0, 'max_tokens': 8192, 'seed': 16, 'first_n': 1000, 'num_proc': 40, 'output_dir': 'results', 'counter_tokenizer': 'unsloth/Qwen3-4B-Instruct-2507', 'ref_model_name': 'gpt2', 'ref_model_device': 'cpu', 'dataset': {'path': 'TIGER-Lab/MMLU-Pro', 'name': None, 'split': 'test'}}",feat/mixture,524cc7d9cd92e0c68edee6da02c703020276e6ba
artifacts_2510232-mixture-mid_sft-gim_TIGER-Lab_MMLU-Pro_251025-130858.json,mcqa,1000,1000,5,988,0.005,0.4166666666666667,762.517,4322.666666666667,2306.939,163.346,2025-10-25T13:08:58.173544,2025-10-25T13:38:10.879156,29.2117602,"{'model_name': 'artifacts/2510232-mixture-mid/sft-gim', 'api_key': '', 'base_url': 'http://localhost:8000/v1', 'is_gim': True, 'reason_budget': 16, 'temperature': 0.0, 'presence_penalty': 1.0, 'max_tokens': 8192, 'seed': 16, 'first_n': 1000, 'num_proc': 40, 'output_dir': 'results', 'counter_tokenizer': 'unsloth/Qwen3-4B-Instruct-2507', 'ref_model_name': 'gpt2', 'ref_model_device': 'cpu', 'dataset': {'path': 'TIGER-Lab/MMLU-Pro', 'name': None, 'split': 'test'}}",feat/mixture,524cc7d9cd92e0c68edee6da02c703020276e6ba
artifacts_2510232-mixture-mid_sft-gim_TIGER-Lab_MMLU-Pro_251025-133824.json,mcqa,1000,1000,57,852,0.057,0.38513513513513514,820.518,2416.662162162162,2458.939,1145.913,2025-10-25T13:38:24.086470,2025-10-25T14:13:46.834218,35.37912913333333,"{'model_name': 'artifacts/2510232-mixture-mid/sft-gim', 'api_key': '', 'base_url': 'http://localhost:8000/v1', 'is_gim': True, 'reason_budget': 18, 'temperature': 0.0, 'presence_penalty': 1.0, 'max_tokens': 8192, 'seed': 16, 'first_n': 1000, 'num_proc': 40, 'output_dir': 'results', 'counter_tokenizer': 'unsloth/Qwen3-4B-Instruct-2507', 'ref_model_name': 'gpt2', 'ref_model_device': 'cpu', 'dataset': {'path': 'TIGER-Lab/MMLU-Pro', 'name': None, 'split': 'test'}}",feat/mixture,524cc7d9cd92e0c68edee6da02c703020276e6ba
artifacts_2510232-mixture-mid_sft-gim_allenai_qasc_251025-141400.json,mcqa,920,920,580,73,0.6304347826086957,0.6847697756788665,209.35434782608695,311.9822904368359,746.5152173913043,1320.4217391304348,2025-10-25T14:14:00.466846,2025-10-25T14:21:17.068125,7.276687983333333,"{'model_name': 'artifacts/2510232-mixture-mid/sft-gim', 'api_key': '', 'base_url': 'http://localhost:8000/v1', 'is_gim': True, 'reason_budget': 2, 'temperature': 0.0, 'presence_penalty': 1.0, 'max_tokens': 8192, 'seed': 16, 'first_n': 920, 'num_proc': 40, 'output_dir': 'results', 'counter_tokenizer': 'unsloth/Qwen3-4B-Instruct-2507', 'ref_model_name': 'gpt2', 'ref_model_device': 'cpu', 'dataset': {'path': 'allenai/qasc', 'name': None, 'split': 'validation'}}",feat/mixture,524cc7d9cd92e0c68edee6da02c703020276e6ba
artifacts_2510232-mixture-mid_sft-gim_allenai_qasc_251025-142127.json,mcqa,920,920,494,175,0.5369565217391304,0.6630872483221476,265.3554347826087,484.18120805369125,896.5152173913043,1826.4847826086957,2025-10-25T14:21:27.120729,2025-10-25T14:28:20.994880,6.897902516666666,"{'model_name': 'artifacts/2510232-mixture-mid/sft-gim', 'api_key': '', 'base_url': 'http://localhost:8000/v1', 'is_gim': True, 'reason_budget': 4, 'temperature': 0.0, 'presence_penalty': 1.0, 'max_tokens': 8192, 'seed': 16, 'first_n': 920, 'num_proc': 40, 'output_dir': 'results', 'counter_tokenizer': 'unsloth/Qwen3-4B-Instruct-2507', 'ref_model_name': 'gpt2', 'ref_model_device': 'cpu', 'dataset': {'path': 'allenai/qasc', 'name': None, 'split': 'validation'}}",feat/mixture,524cc7d9cd92e0c68edee6da02c703020276e6ba
artifacts_2510232-mixture-mid_sft-gim_allenai_qasc_251025-142833.json,mcqa,920,920,12,899,0.013043478260869565,0.5714285714285714,321.35434782608695,1008.8095238095239,1046.5152173913043,111.58043478260869,2025-10-25T14:28:33.972450,2025-10-25T14:37:03.591172,8.493645366666666,"{'model_name': 'artifacts/2510232-mixture-mid/sft-gim', 'api_key': '', 'base_url': 'http://localhost:8000/v1', 'is_gim': True, 'reason_budget': 6, 'temperature': 0.0, 'presence_penalty': 1.0, 'max_tokens': 8192, 'seed': 16, 'first_n': 920, 'num_proc': 40, 'output_dir': 'results', 'counter_tokenizer': 'unsloth/Qwen3-4B-Instruct-2507', 'ref_model_name': 'gpt2', 'ref_model_device': 'cpu', 'dataset': {'path': 'allenai/qasc', 'name': None, 'split': 'validation'}}",feat/mixture,524cc7d9cd92e0c68edee6da02c703020276e6ba
artifacts_2510232-mixture-mid_sft-gim_allenai_qasc_251025-143715.json,mcqa,920,920,82,791,0.0891304347826087,0.6356589147286822,377.35434782608695,875.1937984496124,1196.5152173913043,574.3717391304348,2025-10-25T14:37:15.870831,2025-10-25T14:48:16.774103,11.015054533333334,"{'model_name': 'artifacts/2510232-mixture-mid/sft-gim', 'api_key': '', 'base_url': 'http://localhost:8000/v1', 'is_gim': True, 'reason_budget': 8, 'temperature': 0.0, 'presence_penalty': 1.0, 'max_tokens': 8192, 'seed': 16, 'first_n': 920, 'num_proc': 40, 'output_dir': 'results', 'counter_tokenizer': 'unsloth/Qwen3-4B-Instruct-2507', 'ref_model_name': 'gpt2', 'ref_model_device': 'cpu', 'dataset': {'path': 'allenai/qasc', 'name': None, 'split': 'validation'}}",feat/mixture,524cc7d9cd92e0c68edee6da02c703020276e6ba
artifacts_2510232-mixture-mid_sft-gim_allenai_qasc_251025-144828.json,mcqa,920,920,0,920,0.0,0.0,434.35434782608695,0.0,1347.5152173913043,5.0,2025-10-25T14:48:28.157360,2025-10-25T15:00:13.536244,11.756314733333333,"{'model_name': 'artifacts/2510232-mixture-mid/sft-gim', 'api_key': '', 'base_url': 'http://localhost:8000/v1', 'is_gim': True, 'reason_budget': 10, 'temperature': 0.0, 'presence_penalty': 1.0, 'max_tokens': 8192, 'seed': 16, 'first_n': 920, 'num_proc': 40, 'output_dir': 'results', 'counter_tokenizer': 'unsloth/Qwen3-4B-Instruct-2507', 'ref_model_name': 'gpt2', 'ref_model_device': 'cpu', 'dataset': {'path': 'allenai/qasc', 'name': None, 'split': 'validation'}}",feat/mixture,524cc7d9cd92e0c68edee6da02c703020276e6ba
artifacts_2510232-mixture-mid_sft-gim_allenai_qasc_251025-150025.json,mcqa,920,920,1,919,0.0010869565217391304,1.0,492.35434782608695,817.0,1499.5152173913043,8.26086956521739,2025-10-25T15:00:25.168917,2025-10-25T15:13:50.031403,13.414374766666667,"{'model_name': 'artifacts/2510232-mixture-mid/sft-gim', 'api_key': '', 'base_url': 'http://localhost:8000/v1', 'is_gim': True, 'reason_budget': 12, 'temperature': 0.0, 'presence_penalty': 1.0, 'max_tokens': 8192, 'seed': 16, 'first_n': 920, 'num_proc': 40, 'output_dir': 'results', 'counter_tokenizer': 'unsloth/Qwen3-4B-Instruct-2507', 'ref_model_name': 'gpt2', 'ref_model_device': 'cpu', 'dataset': {'path': 'allenai/qasc', 'name': None, 'split': 'validation'}}",feat/mixture,524cc7d9cd92e0c68edee6da02c703020276e6ba
artifacts_2510233-mixture-low_sft-gim_allenai_qasc_251025-140404.json,mcqa,920,920,166,689,0.18043478260869567,0.7186147186147186,265.35434782608695,237.54978354978354,896.5152173913043,261.81739130434784,2025-10-25T14:04:04.568874,2025-10-25T14:05:08.832459,1.07105975,"{'model_name': 'artifacts/2510233-mixture-low/sft-gim', 'api_key': '', 'base_url': 'http://localhost:8000/v1', 'is_gim': True, 'reason_budget': 4, 'temperature': 0.0, 'presence_penalty': 1.0, 'max_tokens': 8192, 'seed': 16, 'first_n': 920, 'num_proc': 40, 'output_dir': 'results', 'counter_tokenizer': 'unsloth/Qwen3-4B-Instruct-2507', 'ref_model_name': 'gpt2', 'ref_model_device': 'cpu', 'dataset': {'path': 'allenai/qasc', 'name': None, 'split': 'validation'}}",feat/mixture,524cc7d9cd92e0c68edee6da02c703020276e6ba
artifacts_2510233-mixture-low_sft-gim_allenai_qasc_251025-140520.json,mcqa,920,920,399,328,0.43369565217391304,0.6739864864864865,321.35434782608695,258.75844594594594,1046.5152173913043,711.204347826087,2025-10-25T14:05:20.182003,2025-10-25T14:06:56.053513,1.5978585,"{'model_name': 'artifacts/2510233-mixture-low/sft-gim', 'api_key': '', 'base_url': 'http://localhost:8000/v1', 'is_gim': True, 'reason_budget': 6, 'temperature': 0.0, 'presence_penalty': 1.0, 'max_tokens': 8192, 'seed': 16, 'first_n': 920, 'num_proc': 40, 'output_dir': 'results', 'counter_tokenizer': 'unsloth/Qwen3-4B-Instruct-2507', 'ref_model_name': 'gpt2', 'ref_model_device': 'cpu', 'dataset': {'path': 'allenai/qasc', 'name': None, 'split': 'validation'}}",feat/mixture,524cc7d9cd92e0c68edee6da02c703020276e6ba
artifacts_2510233-mixture-low_sft-gim_allenai_qasc_251025-140707.json,mcqa,920,920,271,515,0.29456521739130437,0.6691358024691358,377.35434782608695,344.9037037037037,1196.5152173913043,663.5130434782609,2025-10-25T14:07:07.065370,2025-10-25T14:09:16.339117,2.15456245,"{'model_name': 'artifacts/2510233-mixture-low/sft-gim', 'api_key': '', 'base_url': 'http://localhost:8000/v1', 'is_gim': True, 'reason_budget': 8, 'temperature': 0.0, 'presence_penalty': 1.0, 'max_tokens': 8192, 'seed': 16, 'first_n': 920, 'num_proc': 40, 'output_dir': 'results', 'counter_tokenizer': 'unsloth/Qwen3-4B-Instruct-2507', 'ref_model_name': 'gpt2', 'ref_model_device': 'cpu', 'dataset': {'path': 'allenai/qasc', 'name': None, 'split': 'validation'}}",feat/mixture,524cc7d9cd92e0c68edee6da02c703020276e6ba
artifacts_2510233-mixture-low_sft-gim_allenai_qasc_251025-140928.json,mcqa,920,920,18,892,0.01956521739130435,0.6428571428571429,434.35434782608695,496.5,1347.5152173913043,69.99782608695652,2025-10-25T14:09:28.350032,2025-10-25T14:11:37.598736,2.1541450666666666,"{'model_name': 'artifacts/2510233-mixture-low/sft-gim', 'api_key': '', 'base_url': 'http://localhost:8000/v1', 'is_gim': True, 'reason_budget': 10, 'temperature': 0.0, 'presence_penalty': 1.0, 'max_tokens': 8192, 'seed': 16, 'first_n': 920, 'num_proc': 40, 'output_dir': 'results', 'counter_tokenizer': 'unsloth/Qwen3-4B-Instruct-2507', 'ref_model_name': 'gpt2', 'ref_model_device': 'cpu', 'dataset': {'path': 'allenai/qasc', 'name': None, 'split': 'validation'}}",feat/mixture,524cc7d9cd92e0c68edee6da02c703020276e6ba
artifacts_2510233-mixture-low_sft-gim_allenai_qasc_251025-141149.json,mcqa,920,920,161,668,0.175,0.6388888888888888,492.35434782608695,406.98809523809524,1499.5152173913043,472.81304347826085,2025-10-25T14:11:49.594400,2025-10-25T14:14:28.079719,2.6414219833333332,"{'model_name': 'artifacts/2510233-mixture-low/sft-gim', 'api_key': '', 'base_url': 'http://localhost:8000/v1', 'is_gim': True, 'reason_budget': 12, 'temperature': 0.0, 'presence_penalty': 1.0, 'max_tokens': 8192, 'seed': 16, 'first_n': 920, 'num_proc': 40, 'output_dir': 'results', 'counter_tokenizer': 'unsloth/Qwen3-4B-Instruct-2507', 'ref_model_name': 'gpt2', 'ref_model_device': 'cpu', 'dataset': {'path': 'allenai/qasc', 'name': None, 'split': 'validation'}}",feat/mixture,524cc7d9cd92e0c68edee6da02c703020276e6ba
artifacts_2510233-mixture-low_sft-gim_allenai_qasc_251025-141439.json,mcqa,920,920,160,672,0.17391304347826086,0.6451612903225806,550.3554347826087,443.48387096774195,1651.5152173913043,505.08586956521737,2025-10-25T14:14:39.622442,2025-10-25T14:17:44.313774,3.0781888666666664,"{'model_name': 'artifacts/2510233-mixture-low/sft-gim', 'api_key': '', 'base_url': 'http://localhost:8000/v1', 'is_gim': True, 'reason_budget': 14, 'temperature': 0.0, 'presence_penalty': 1.0, 'max_tokens': 8192, 'seed': 16, 'first_n': 920, 'num_proc': 40, 'output_dir': 'results', 'counter_tokenizer': 'unsloth/Qwen3-4B-Instruct-2507', 'ref_model_name': 'gpt2', 'ref_model_device': 'cpu', 'dataset': {'path': 'allenai/qasc', 'name': None, 'split': 'validation'}}",feat/mixture,524cc7d9cd92e0c68edee6da02c703020276e6ba
artifacts_2510233-mixture-low_sft-gim_allenai_qasc_251025-141756.json,mcqa,920,920,0,920,0.0,0.0,608.354347826087,0.0,1803.5152173913043,5.0,2025-10-25T14:17:56.038039,2025-10-25T14:21:05.492491,3.1575742,"{'model_name': 'artifacts/2510233-mixture-low/sft-gim', 'api_key': '', 'base_url': 'http://localhost:8000/v1', 'is_gim': True, 'reason_budget': 16, 'temperature': 0.0, 'presence_penalty': 1.0, 'max_tokens': 8192, 'seed': 16, 'first_n': 920, 'num_proc': 40, 'output_dir': 'results', 'counter_tokenizer': 'unsloth/Qwen3-4B-Instruct-2507', 'ref_model_name': 'gpt2', 'ref_model_device': 'cpu', 'dataset': {'path': 'allenai/qasc', 'name': None, 'split': 'validation'}}",feat/mixture,524cc7d9cd92e0c68edee6da02c703020276e6ba
artifacts_2510233-mixture-low_sft-gim_allenai_qasc_251025-142117.json,mcqa,920,920,432,277,0.46956521739130436,0.671850699844479,666.354347826087,339.0902021772939,1955.5152173913043,852.1086956521739,2025-10-25T14:21:17.062219,2025-10-25T14:24:53.777557,3.6119223000000003,"{'model_name': 'artifacts/2510233-mixture-low/sft-gim', 'api_key': '', 'base_url': 'http://localhost:8000/v1', 'is_gim': True, 'reason_budget': 18, 'temperature': 0.0, 'presence_penalty': 1.0, 'max_tokens': 8192, 'seed': 16, 'first_n': 920, 'num_proc': 40, 'output_dir': 'results', 'counter_tokenizer': 'unsloth/Qwen3-4B-Instruct-2507', 'ref_model_name': 'gpt2', 'ref_model_device': 'cpu', 'dataset': {'path': 'allenai/qasc', 'name': None, 'split': 'validation'}}",feat/mixture,524cc7d9cd92e0c68edee6da02c703020276e6ba
artifacts_2510233-mixture-low_sft-gim_Idavidrein_gpqa_251025-120533.json,mcqa,198,198,13,141,0.06565656565656566,0.22807017543859648,363.3939393939394,583.1754385964912,1192.1060606060605,541.4848484848485,2025-10-25T12:05:33.193867,2025-10-25T12:08:06.353823,2.552665933333333,"{'model_name': 'artifacts/2510233-mixture-low/sft-gim', 'api_key': '', 'base_url': 'http://localhost:8000/v1', 'is_gim': True, 'reason_budget': 2, 'temperature': 0.0, 'presence_penalty': 1.0, 'max_tokens': 8192, 'seed': 16, 'first_n': 198, 'num_proc': 40, 'output_dir': 'results', 'counter_tokenizer': 'unsloth/Qwen3-4B-Instruct-2507', 'ref_model_name': 'gpt2', 'ref_model_device': 'cpu', 'dataset': {'path': 'Idavidrein/gpqa', 'name': 'gpqa_diamond', 'split': 'train'}}",feat/mixture,524cc7d9cd92e0c68edee6da02c703020276e6ba
artifacts_2510233-mixture-low_sft-gim_Idavidrein_gpqa_251025-121046.json,mcqa,198,198,17,135,0.08585858585858586,0.2698412698412698,363.3939393939394,590.6666666666666,1192.1060606060605,617.020202020202,2025-10-25T12:10:46.594530,2025-10-25T12:13:03.432776,2.2806374333333332,"{'model_name': 'artifacts/2510233-mixture-low/sft-gim', 'api_key': '', 'base_url': 'http://localhost:8000/v1', 'is_gim': True, 'reason_budget': 2, 'temperature': 0.0, 'presence_penalty': 1.0, 'max_tokens': 8192, 'seed': 16, 'first_n': 198, 'num_proc': 40, 'output_dir': 'results', 'counter_tokenizer': 'unsloth/Qwen3-4B-Instruct-2507', 'ref_model_name': 'gpt2', 'ref_model_device': 'cpu', 'dataset': {'path': 'Idavidrein/gpqa', 'name': 'gpqa_diamond', 'split': 'train'}}",feat/mixture,524cc7d9cd92e0c68edee6da02c703020276e6ba
artifacts_2510233-mixture-low_sft-gim_Idavidrein_gpqa_251025-121314.json,mcqa,198,198,10,158,0.050505050505050504,0.25,419.3888888888889,801.575,1342.1060606060605,555.2020202020202,2025-10-25T12:13:14.243819,2025-10-25T12:15:54.754527,2.6751784666666665,"{'model_name': 'artifacts/2510233-mixture-low/sft-gim', 'api_key': '', 'base_url': 'http://localhost:8000/v1', 'is_gim': True, 'reason_budget': 4, 'temperature': 0.0, 'presence_penalty': 1.0, 'max_tokens': 8192, 'seed': 16, 'first_n': 198, 'num_proc': 40, 'output_dir': 'results', 'counter_tokenizer': 'unsloth/Qwen3-4B-Instruct-2507', 'ref_model_name': 'gpt2', 'ref_model_device': 'cpu', 'dataset': {'path': 'Idavidrein/gpqa', 'name': 'gpqa_diamond', 'split': 'train'}}",feat/mixture,524cc7d9cd92e0c68edee6da02c703020276e6ba
artifacts_2510233-mixture-low_sft-gim_Idavidrein_gpqa_251025-121605.json,mcqa,198,198,10,154,0.050505050505050504,0.22727272727272727,475.3888888888889,1145.2272727272727,1492.1060606060605,914.8585858585859,2025-10-25T12:16:05.863614,2025-10-25T12:18:24.293431,2.3071636166666667,"{'model_name': 'artifacts/2510233-mixture-low/sft-gim', 'api_key': '', 'base_url': 'http://localhost:8000/v1', 'is_gim': True, 'reason_budget': 6, 'temperature': 0.0, 'presence_penalty': 1.0, 'max_tokens': 8192, 'seed': 16, 'first_n': 198, 'num_proc': 40, 'output_dir': 'results', 'counter_tokenizer': 'unsloth/Qwen3-4B-Instruct-2507', 'ref_model_name': 'gpt2', 'ref_model_device': 'cpu', 'dataset': {'path': 'Idavidrein/gpqa', 'name': 'gpqa_diamond', 'split': 'train'}}",feat/mixture,524cc7d9cd92e0c68edee6da02c703020276e6ba
artifacts_2510233-mixture-low_sft-gim_Idavidrein_gpqa_251025-121836.json,mcqa,198,198,24,120,0.12121212121212122,0.3076923076923077,531.3939393939394,1174.5897435897436,1642.1060606060605,1632.2121212121212,2025-10-25T12:18:36.003756,2025-10-25T12:21:29.210551,2.886779916666667,"{'model_name': 'artifacts/2510233-mixture-low/sft-gim', 'api_key': '', 'base_url': 'http://localhost:8000/v1', 'is_gim': True, 'reason_budget': 8, 'temperature': 0.0, 'presence_penalty': 1.0, 'max_tokens': 8192, 'seed': 16, 'first_n': 198, 'num_proc': 40, 'output_dir': 'results', 'counter_tokenizer': 'unsloth/Qwen3-4B-Instruct-2507', 'ref_model_name': 'gpt2', 'ref_model_device': 'cpu', 'dataset': {'path': 'Idavidrein/gpqa', 'name': 'gpqa_diamond', 'split': 'train'}}",feat/mixture,524cc7d9cd92e0c68edee6da02c703020276e6ba
artifacts_2510233-mixture-low_sft-gim_Idavidrein_gpqa_251025-122140.json,mcqa,198,198,5,164,0.025252525252525252,0.14705882352941177,588.39898989899,1438.2941176470588,1793.1060606060605,849.7575757575758,2025-10-25T12:21:40.685415,2025-10-25T12:24:14.087791,2.5567062666666667,"{'model_name': 'artifacts/2510233-mixture-low/sft-gim', 'api_key': '', 'base_url': 'http://localhost:8000/v1', 'is_gim': True, 'reason_budget': 10, 'temperature': 0.0, 'presence_penalty': 1.0, 'max_tokens': 8192, 'seed': 16, 'first_n': 198, 'num_proc': 40, 'output_dir': 'results', 'counter_tokenizer': 'unsloth/Qwen3-4B-Instruct-2507', 'ref_model_name': 'gpt2', 'ref_model_device': 'cpu', 'dataset': {'path': 'Idavidrein/gpqa', 'name': 'gpqa_diamond', 'split': 'train'}}",feat/mixture,524cc7d9cd92e0c68edee6da02c703020276e6ba
artifacts_2510233-mixture-low_sft-gim_Idavidrein_gpqa_251025-122425.json,mcqa,198,198,3,176,0.015151515151515152,0.13636363636363635,646.39898989899,1397.2727272727273,1945.1060606060605,547.6717171717172,2025-10-25T12:24:25.672650,2025-10-25T12:26:54.844565,2.4861985833333335,"{'model_name': 'artifacts/2510233-mixture-low/sft-gim', 'api_key': '', 'base_url': 'http://localhost:8000/v1', 'is_gim': True, 'reason_budget': 12, 'temperature': 0.0, 'presence_penalty': 1.0, 'max_tokens': 8192, 'seed': 16, 'first_n': 198, 'num_proc': 40, 'output_dir': 'results', 'counter_tokenizer': 'unsloth/Qwen3-4B-Instruct-2507', 'ref_model_name': 'gpt2', 'ref_model_device': 'cpu', 'dataset': {'path': 'Idavidrein/gpqa', 'name': 'gpqa_diamond', 'split': 'train'}}",feat/mixture,524cc7d9cd92e0c68edee6da02c703020276e6ba
artifacts_2510233-mixture-low_sft-gim_Idavidrein_gpqa_251025-122706.json,mcqa,198,198,14,153,0.0707070707070707,0.3111111111111111,704.3939393939394,1513.1555555555556,2097.1060606060605,1149.1616161616162,2025-10-25T12:27:06.526436,2025-10-25T12:30:02.162003,2.92725945,"{'model_name': 'artifacts/2510233-mixture-low/sft-gim', 'api_key': '', 'base_url': 'http://localhost:8000/v1', 'is_gim': True, 'reason_budget': 14, 'temperature': 0.0, 'presence_penalty': 1.0, 'max_tokens': 8192, 'seed': 16, 'first_n': 198, 'num_proc': 40, 'output_dir': 'results', 'counter_tokenizer': 'unsloth/Qwen3-4B-Instruct-2507', 'ref_model_name': 'gpt2', 'ref_model_device': 'cpu', 'dataset': {'path': 'Idavidrein/gpqa', 'name': 'gpqa_diamond', 'split': 'train'}}",feat/mixture,524cc7d9cd92e0c68edee6da02c703020276e6ba
artifacts_2510233-mixture-low_sft-gim_Idavidrein_gpqa_251025-123013.json,mcqa,198,198,1,192,0.005050505050505051,0.16666666666666666,762.3888888888889,2959.0,2249.1060606060605,307.8484848484849,2025-10-25T12:30:13.684559,2025-10-25T12:33:22.634862,3.1491717166666664,"{'model_name': 'artifacts/2510233-mixture-low/sft-gim', 'api_key': '', 'base_url': 'http://localhost:8000/v1', 'is_gim': True, 'reason_budget': 16, 'temperature': 0.0, 'presence_penalty': 1.0, 'max_tokens': 8192, 'seed': 16, 'first_n': 198, 'num_proc': 40, 'output_dir': 'results', 'counter_tokenizer': 'unsloth/Qwen3-4B-Instruct-2507', 'ref_model_name': 'gpt2', 'ref_model_device': 'cpu', 'dataset': {'path': 'Idavidrein/gpqa', 'name': 'gpqa_diamond', 'split': 'train'}}",feat/mixture,524cc7d9cd92e0c68edee6da02c703020276e6ba
artifacts_2510233-mixture-low_sft-gim_Idavidrein_gpqa_251025-123334.json,mcqa,198,198,31,80,0.15656565656565657,0.2627118644067797,820.3939393939394,850.4830508474577,2401.1060606060605,1664.388888888889,2025-10-25T12:33:34.232940,2025-10-25T12:36:22.211245,2.799638416666667,"{'model_name': 'artifacts/2510233-mixture-low/sft-gim', 'api_key': '', 'base_url': 'http://localhost:8000/v1', 'is_gim': True, 'reason_budget': 18, 'temperature': 0.0, 'presence_penalty': 1.0, 'max_tokens': 8192, 'seed': 16, 'first_n': 198, 'num_proc': 40, 'output_dir': 'results', 'counter_tokenizer': 'unsloth/Qwen3-4B-Instruct-2507', 'ref_model_name': 'gpt2', 'ref_model_device': 'cpu', 'dataset': {'path': 'Idavidrein/gpqa', 'name': 'gpqa_diamond', 'split': 'train'}}",feat/mixture,524cc7d9cd92e0c68edee6da02c703020276e6ba
artifacts_2510233-mixture-low_sft-gim_openlifescienceai_medmcqa_251025-123634.json,mcqa,1000,1000,177,570,0.177,0.4116279069767442,203.152,202.06046511627906,756.628,375.763,2025-10-25T12:36:34.672286,2025-10-25T12:37:35.784983,1.01854495,"{'model_name': 'artifacts/2510233-mixture-low/sft-gim', 'api_key': '', 'base_url': 'http://localhost:8000/v1', 'is_gim': True, 'reason_budget': 2, 'temperature': 0.0, 'presence_penalty': 1.0, 'max_tokens': 8192, 'seed': 16, 'first_n': 1000, 'num_proc': 40, 'output_dir': 'results', 'counter_tokenizer': 'unsloth/Qwen3-4B-Instruct-2507', 'ref_model_name': 'gpt2', 'ref_model_device': 'cpu', 'dataset': {'path': 'openlifescienceai/medmcqa', 'name': None, 'split': 'validation'}}",feat/mixture,524cc7d9cd92e0c68edee6da02c703020276e6ba
artifacts_2510233-mixture-low_sft-gim_openlifescienceai_medmcqa_251025-123747.json,mcqa,1000,1000,31,916,0.031,0.36904761904761907,259.152,365.1904761904762,906.628,134.421,2025-10-25T12:37:47.998436,2025-10-25T12:39:46.417302,1.9736477666666665,"{'model_name': 'artifacts/2510233-mixture-low/sft-gim', 'api_key': '', 'base_url': 'http://localhost:8000/v1', 'is_gim': True, 'reason_budget': 4, 'temperature': 0.0, 'presence_penalty': 1.0, 'max_tokens': 8192, 'seed': 16, 'first_n': 1000, 'num_proc': 40, 'output_dir': 'results', 'counter_tokenizer': 'unsloth/Qwen3-4B-Instruct-2507', 'ref_model_name': 'gpt2', 'ref_model_device': 'cpu', 'dataset': {'path': 'openlifescienceai/medmcqa', 'name': None, 'split': 'validation'}}",feat/mixture,524cc7d9cd92e0c68edee6da02c703020276e6ba
artifacts_2510233-mixture-low_sft-gim_openlifescienceai_medmcqa_251025-123958.json,mcqa,1000,1000,42,873,0.042,0.33070866141732286,315.152,450.81102362204723,1056.628,243.97,2025-10-25T12:39:58.255500,2025-10-25T12:42:23.896541,2.427350683333333,"{'model_name': 'artifacts/2510233-mixture-low/sft-gim', 'api_key': '', 'base_url': 'http://localhost:8000/v1', 'is_gim': True, 'reason_budget': 6, 'temperature': 0.0, 'presence_penalty': 1.0, 'max_tokens': 8192, 'seed': 16, 'first_n': 1000, 'num_proc': 40, 'output_dir': 'results', 'counter_tokenizer': 'unsloth/Qwen3-4B-Instruct-2507', 'ref_model_name': 'gpt2', 'ref_model_device': 'cpu', 'dataset': {'path': 'openlifescienceai/medmcqa', 'name': None, 'split': 'validation'}}",feat/mixture,524cc7d9cd92e0c68edee6da02c703020276e6ba
artifacts_2510233-mixture-low_sft-gim_openlifescienceai_medmcqa_251025-124235.json,mcqa,1000,1000,141,622,0.141,0.373015873015873,371.153,449.58730158730157,1206.628,721.095,2025-10-25T12:42:35.049151,2025-10-25T12:45:16.074263,2.683751866666667,"{'model_name': 'artifacts/2510233-mixture-low/sft-gim', 'api_key': '', 'base_url': 'http://localhost:8000/v1', 'is_gim': True, 'reason_budget': 8, 'temperature': 0.0, 'presence_penalty': 1.0, 'max_tokens': 8192, 'seed': 16, 'first_n': 1000, 'num_proc': 40, 'output_dir': 'results', 'counter_tokenizer': 'unsloth/Qwen3-4B-Instruct-2507', 'ref_model_name': 'gpt2', 'ref_model_device': 'cpu', 'dataset': {'path': 'openlifescienceai/medmcqa', 'name': None, 'split': 'validation'}}",feat/mixture,524cc7d9cd92e0c68edee6da02c703020276e6ba
artifacts_2510233-mixture-low_sft-gim_openlifescienceai_medmcqa_251025-124528.json,mcqa,1000,1000,14,957,0.014,0.32558139534883723,428.152,781.4883720930233,1357.628,145.456,2025-10-25T12:45:28.347873,2025-10-25T12:47:52.528333,2.403007666666667,"{'model_name': 'artifacts/2510233-mixture-low/sft-gim', 'api_key': '', 'base_url': 'http://localhost:8000/v1', 'is_gim': True, 'reason_budget': 10, 'temperature': 0.0, 'presence_penalty': 1.0, 'max_tokens': 8192, 'seed': 16, 'first_n': 1000, 'num_proc': 40, 'output_dir': 'results', 'counter_tokenizer': 'unsloth/Qwen3-4B-Instruct-2507', 'ref_model_name': 'gpt2', 'ref_model_device': 'cpu', 'dataset': {'path': 'openlifescienceai/medmcqa', 'name': None, 'split': 'validation'}}",feat/mixture,524cc7d9cd92e0c68edee6da02c703020276e6ba
artifacts_2510233-mixture-low_sft-gim_openlifescienceai_medmcqa_251025-124804.json,mcqa,1000,1000,48,867,0.048,0.3609022556390977,486.152,545.9248120300751,1509.628,303.541,2025-10-25T12:48:04.162110,2025-10-25T12:50:55.921307,2.862653283333333,"{'model_name': 'artifacts/2510233-mixture-low/sft-gim', 'api_key': '', 'base_url': 'http://localhost:8000/v1', 'is_gim': True, 'reason_budget': 12, 'temperature': 0.0, 'presence_penalty': 1.0, 'max_tokens': 8192, 'seed': 16, 'first_n': 1000, 'num_proc': 40, 'output_dir': 'results', 'counter_tokenizer': 'unsloth/Qwen3-4B-Instruct-2507', 'ref_model_name': 'gpt2', 'ref_model_device': 'cpu', 'dataset': {'path': 'openlifescienceai/medmcqa', 'name': None, 'split': 'validation'}}",feat/mixture,524cc7d9cd92e0c68edee6da02c703020276e6ba
artifacts_2510233-mixture-low_sft-gim_openlifescienceai_medmcqa_251025-125108.json,mcqa,1000,1000,72,799,0.072,0.3582089552238806,544.152,624.9303482587064,1661.628,516.062,2025-10-25T12:51:08.463791,2025-10-25T12:55:13.869921,4.090102166666666,"{'model_name': 'artifacts/2510233-mixture-low/sft-gim', 'api_key': '', 'base_url': 'http://localhost:8000/v1', 'is_gim': True, 'reason_budget': 14, 'temperature': 0.0, 'presence_penalty': 1.0, 'max_tokens': 8192, 'seed': 16, 'first_n': 1000, 'num_proc': 40, 'output_dir': 'results', 'counter_tokenizer': 'unsloth/Qwen3-4B-Instruct-2507', 'ref_model_name': 'gpt2', 'ref_model_device': 'cpu', 'dataset': {'path': 'openlifescienceai/medmcqa', 'name': None, 'split': 'validation'}}",feat/mixture,524cc7d9cd92e0c68edee6da02c703020276e6ba
artifacts_2510233-mixture-low_sft-gim_openlifescienceai_medmcqa_251025-125526.json,mcqa,1000,1000,2,990,0.002,0.2,602.152,915.7,1813.628,40.554,2025-10-25T12:55:26.245857,2025-10-25T12:59:16.507447,3.837693166666667,"{'model_name': 'artifacts/2510233-mixture-low/sft-gim', 'api_key': '', 'base_url': 'http://localhost:8000/v1', 'is_gim': True, 'reason_budget': 16, 'temperature': 0.0, 'presence_penalty': 1.0, 'max_tokens': 8192, 'seed': 16, 'first_n': 1000, 'num_proc': 40, 'output_dir': 'results', 'counter_tokenizer': 'unsloth/Qwen3-4B-Instruct-2507', 'ref_model_name': 'gpt2', 'ref_model_device': 'cpu', 'dataset': {'path': 'openlifescienceai/medmcqa', 'name': None, 'split': 'validation'}}",feat/mixture,524cc7d9cd92e0c68edee6da02c703020276e6ba
artifacts_2510233-mixture-low_sft-gim_openlifescienceai_medmcqa_251025-125928.json,mcqa,1000,1000,354,150,0.354,0.4164705882352941,660.153,371.65176470588233,1965.628,1128.417,2025-10-25T12:59:28.919368,2025-10-25T13:03:35.447082,4.108795233333334,"{'model_name': 'artifacts/2510233-mixture-low/sft-gim', 'api_key': '', 'base_url': 'http://localhost:8000/v1', 'is_gim': True, 'reason_budget': 18, 'temperature': 0.0, 'presence_penalty': 1.0, 'max_tokens': 8192, 'seed': 16, 'first_n': 1000, 'num_proc': 40, 'output_dir': 'results', 'counter_tokenizer': 'unsloth/Qwen3-4B-Instruct-2507', 'ref_model_name': 'gpt2', 'ref_model_device': 'cpu', 'dataset': {'path': 'openlifescienceai/medmcqa', 'name': None, 'split': 'validation'}}",feat/mixture,524cc7d9cd92e0c68edee6da02c703020276e6ba
artifacts_2510233-mixture-low_sft-gim_TIGER-Lab_MMLU-Pro_251025-130348.json,mcqa,1000,1000,20,932,0.02,0.29411764705882354,363.517,325.3382352941176,1249.939,84.121,2025-10-25T13:03:48.799649,2025-10-25T13:08:19.097298,4.504960816666666,"{'model_name': 'artifacts/2510233-mixture-low/sft-gim', 'api_key': '', 'base_url': 'http://localhost:8000/v1', 'is_gim': True, 'reason_budget': 2, 'temperature': 0.0, 'presence_penalty': 1.0, 'max_tokens': 8192, 'seed': 16, 'first_n': 1000, 'num_proc': 40, 'output_dir': 'results', 'counter_tokenizer': 'unsloth/Qwen3-4B-Instruct-2507', 'ref_model_name': 'gpt2', 'ref_model_device': 'cpu', 'dataset': {'path': 'TIGER-Lab/MMLU-Pro', 'name': None, 'split': 'test'}}",feat/mixture,524cc7d9cd92e0c68edee6da02c703020276e6ba
artifacts_2510233-mixture-low_sft-gim_TIGER-Lab_MMLU-Pro_251025-130832.json,mcqa,1000,1000,28,915,0.028,0.32941176470588235,419.516,478.36470588235295,1399.939,143.675,2025-10-25T13:08:32.234052,2025-10-25T13:12:50.945673,4.31186035,"{'model_name': 'artifacts/2510233-mixture-low/sft-gim', 'api_key': '', 'base_url': 'http://localhost:8000/v1', 'is_gim': True, 'reason_budget': 4, 'temperature': 0.0, 'presence_penalty': 1.0, 'max_tokens': 8192, 'seed': 16, 'first_n': 1000, 'num_proc': 40, 'output_dir': 'results', 'counter_tokenizer': 'unsloth/Qwen3-4B-Instruct-2507', 'ref_model_name': 'gpt2', 'ref_model_device': 'cpu', 'dataset': {'path': 'TIGER-Lab/MMLU-Pro', 'name': None, 'split': 'test'}}",feat/mixture,524cc7d9cd92e0c68edee6da02c703020276e6ba
artifacts_2510233-mixture-low_sft-gim_TIGER-Lab_MMLU-Pro_251025-131303.json,mcqa,1000,1000,75,747,0.075,0.2964426877470356,475.518,554.4664031620554,1549.939,509.85,2025-10-25T13:13:03.819309,2025-10-25T13:19:06.383132,6.042730383333334,"{'model_name': 'artifacts/2510233-mixture-low/sft-gim', 'api_key': '', 'base_url': 'http://localhost:8000/v1', 'is_gim': True, 'reason_budget': 6, 'temperature': 0.0, 'presence_penalty': 1.0, 'max_tokens': 8192, 'seed': 16, 'first_n': 1000, 'num_proc': 40, 'output_dir': 'results', 'counter_tokenizer': 'unsloth/Qwen3-4B-Instruct-2507', 'ref_model_name': 'gpt2', 'ref_model_device': 'cpu', 'dataset': {'path': 'TIGER-Lab/MMLU-Pro', 'name': None, 'split': 'test'}}",feat/mixture,524cc7d9cd92e0c68edee6da02c703020276e6ba
artifacts_2510233-mixture-low_sft-gim_TIGER-Lab_MMLU-Pro_251025-131918.json,mcqa,1000,1000,74,726,0.074,0.27007299270072993,531.518,606.6642335766423,1699.939,607.199,2025-10-25T13:19:18.940051,2025-10-25T13:25:21.958013,6.050299366666667,"{'model_name': 'artifacts/2510233-mixture-low/sft-gim', 'api_key': '', 'base_url': 'http://localhost:8000/v1', 'is_gim': True, 'reason_budget': 8, 'temperature': 0.0, 'presence_penalty': 1.0, 'max_tokens': 8192, 'seed': 16, 'first_n': 1000, 'num_proc': 40, 'output_dir': 'results', 'counter_tokenizer': 'unsloth/Qwen3-4B-Instruct-2507', 'ref_model_name': 'gpt2', 'ref_model_device': 'cpu', 'dataset': {'path': 'TIGER-Lab/MMLU-Pro', 'name': None, 'split': 'test'}}",feat/mixture,524cc7d9cd92e0c68edee6da02c703020276e6ba
artifacts_2510233-mixture-low_sft-gim_TIGER-Lab_MMLU-Pro_251025-132533.json,mcqa,1000,1000,24,914,0.024,0.27906976744186046,588.514,1034.5,1850.939,294.479,2025-10-25T13:25:33.131756,2025-10-25T13:31:28.643700,5.925199066666667,"{'model_name': 'artifacts/2510233-mixture-low/sft-gim', 'api_key': '', 'base_url': 'http://localhost:8000/v1', 'is_gim': True, 'reason_budget': 10, 'temperature': 0.0, 'presence_penalty': 1.0, 'max_tokens': 8192, 'seed': 16, 'first_n': 1000, 'num_proc': 40, 'output_dir': 'results', 'counter_tokenizer': 'unsloth/Qwen3-4B-Instruct-2507', 'ref_model_name': 'gpt2', 'ref_model_device': 'cpu', 'dataset': {'path': 'TIGER-Lab/MMLU-Pro', 'name': None, 'split': 'test'}}",feat/mixture,524cc7d9cd92e0c68edee6da02c703020276e6ba
artifacts_2510233-mixture-low_sft-gim_TIGER-Lab_MMLU-Pro_251025-133141.json,mcqa,1000,1000,30,863,0.03,0.21897810218978103,646.517,859.029197080292,2002.939,414.282,2025-10-25T13:31:41.722482,2025-10-25T13:37:58.242419,6.275332283333333,"{'model_name': 'artifacts/2510233-mixture-low/sft-gim', 'api_key': '', 'base_url': 'http://localhost:8000/v1', 'is_gim': True, 'reason_budget': 12, 'temperature': 0.0, 'presence_penalty': 1.0, 'max_tokens': 8192, 'seed': 16, 'first_n': 1000, 'num_proc': 40, 'output_dir': 'results', 'counter_tokenizer': 'unsloth/Qwen3-4B-Instruct-2507', 'ref_model_name': 'gpt2', 'ref_model_device': 'cpu', 'dataset': {'path': 'TIGER-Lab/MMLU-Pro', 'name': None, 'split': 'test'}}",feat/mixture,524cc7d9cd92e0c68edee6da02c703020276e6ba
artifacts_2510233-mixture-low_sft-gim_TIGER-Lab_MMLU-Pro_251025-133811.json,mcqa,1000,1000,30,901,0.03,0.30303030303030304,704.516,850.3030303030303,2154.939,278.41,2025-10-25T13:38:11.053878,2025-10-25T13:45:39.850986,7.479951799999999,"{'model_name': 'artifacts/2510233-mixture-low/sft-gim', 'api_key': '', 'base_url': 'http://localhost:8000/v1', 'is_gim': True, 'reason_budget': 14, 'temperature': 0.0, 'presence_penalty': 1.0, 'max_tokens': 8192, 'seed': 16, 'first_n': 1000, 'num_proc': 40, 'output_dir': 'results', 'counter_tokenizer': 'unsloth/Qwen3-4B-Instruct-2507', 'ref_model_name': 'gpt2', 'ref_model_device': 'cpu', 'dataset': {'path': 'TIGER-Lab/MMLU-Pro', 'name': None, 'split': 'test'}}",feat/mixture,524cc7d9cd92e0c68edee6da02c703020276e6ba
artifacts_2510233-mixture-low_sft-gim_TIGER-Lab_MMLU-Pro_251025-134553.json,mcqa,1000,1000,5,978,0.005,0.22727272727272727,762.516,1439.1818181818182,2306.939,103.612,2025-10-25T13:45:53.169752,2025-10-25T13:53:35.292420,7.702044466666666,"{'model_name': 'artifacts/2510233-mixture-low/sft-gim', 'api_key': '', 'base_url': 'http://localhost:8000/v1', 'is_gim': True, 'reason_budget': 16, 'temperature': 0.0, 'presence_penalty': 1.0, 'max_tokens': 8192, 'seed': 16, 'first_n': 1000, 'num_proc': 40, 'output_dir': 'results', 'counter_tokenizer': 'unsloth/Qwen3-4B-Instruct-2507', 'ref_model_name': 'gpt2', 'ref_model_device': 'cpu', 'dataset': {'path': 'TIGER-Lab/MMLU-Pro', 'name': None, 'split': 'test'}}",feat/mixture,524cc7d9cd92e0c68edee6da02c703020276e6ba
artifacts_2510233-mixture-low_sft-gim_TIGER-Lab_MMLU-Pro_251025-135347.json,mcqa,1000,1000,97,661,0.097,0.2861356932153392,820.516,696.9705014749262,2458.939,777.637,2025-10-25T13:53:47.144754,2025-10-25T14:02:53.254868,9.101835233333333,"{'model_name': 'artifacts/2510233-mixture-low/sft-gim', 'api_key': '', 'base_url': 'http://localhost:8000/v1', 'is_gim': True, 'reason_budget': 18, 'temperature': 0.0, 'presence_penalty': 1.0, 'max_tokens': 8192, 'seed': 16, 'first_n': 1000, 'num_proc': 40, 'output_dir': 'results', 'counter_tokenizer': 'unsloth/Qwen3-4B-Instruct-2507', 'ref_model_name': 'gpt2', 'ref_model_device': 'cpu', 'dataset': {'path': 'TIGER-Lab/MMLU-Pro', 'name': None, 'split': 'test'}}",feat/mixture,524cc7d9cd92e0c68edee6da02c703020276e6ba
artifacts_2510232-mixture-mid_sft-gim_allenai_qasc_251025-151401.json,mcqa,920,920,82,797,0.0891304347826087,0.6666666666666666,550.354347826087,912.7073170731708,1651.5152173913043,562.7663043478261,2025-10-25T15:14:01.799050,2025-10-25T15:29:41.172813,15.656229383333335,"{'model_name': 'artifacts/2510232-mixture-mid/sft-gim', 'api_key': '', 'base_url': 'http://localhost:8000/v1', 'is_gim': True, 'reason_budget': 14, 'temperature': 0.0, 'presence_penalty': 1.0, 'max_tokens': 8192, 'seed': 16, 'first_n': 920, 'num_proc': 40, 'output_dir': 'results', 'counter_tokenizer': 'unsloth/Qwen3-4B-Instruct-2507', 'ref_model_name': 'gpt2', 'ref_model_device': 'cpu', 'dataset': {'path': 'allenai/qasc', 'name': None, 'split': 'validation'}}",feat/mixture,524cc7d9cd92e0c68edee6da02c703020276e6ba
artifacts_2510232-mixture-mid_sft-gim_allenai_qasc_251025-152954.json,mcqa,920,920,0,920,0.0,0.0,608.354347826087,0.0,1803.5152173913043,5.0,2025-10-25T15:29:54.279032,2025-10-25T15:48:22.423246,18.469070233333333,"{'model_name': 'artifacts/2510232-mixture-mid/sft-gim', 'api_key': '', 'base_url': 'http://localhost:8000/v1', 'is_gim': True, 'reason_budget': 16, 'temperature': 0.0, 'presence_penalty': 1.0, 'max_tokens': 8192, 'seed': 16, 'first_n': 920, 'num_proc': 40, 'output_dir': 'results', 'counter_tokenizer': 'unsloth/Qwen3-4B-Instruct-2507', 'ref_model_name': 'gpt2', 'ref_model_device': 'cpu', 'dataset': {'path': 'allenai/qasc', 'name': None, 'split': 'validation'}}",feat/mixture,524cc7d9cd92e0c68edee6da02c703020276e6ba
artifacts_2510232-mixture-mid_sft-gim_allenai_qasc_251025-154834.json,mcqa,920,920,126,739,0.13695652173913042,0.6961325966850829,666.354347826087,1064.1049723756905,1955.5152173913043,959.408695652174,2025-10-25T15:48:34.082404,2025-10-25T16:09:29.780737,20.92830555,"{'model_name': 'artifacts/2510232-mixture-mid/sft-gim', 'api_key': '', 'base_url': 'http://localhost:8000/v1', 'is_gim': True, 'reason_budget': 18, 'temperature': 0.0, 'presence_penalty': 1.0, 'max_tokens': 8192, 'seed': 16, 'first_n': 920, 'num_proc': 40, 'output_dir': 'results', 'counter_tokenizer': 'unsloth/Qwen3-4B-Instruct-2507', 'ref_model_name': 'gpt2', 'ref_model_device': 'cpu', 'dataset': {'path': 'allenai/qasc', 'name': None, 'split': 'validation'}}",feat/mixture,524cc7d9cd92e0c68edee6da02c703020276e6ba
